Judul,Isi,Kategori
"Rambu Lalu Lintas di Jalan Tol Dicuri, Pengelola : Bisa Berpotensi...","KAB. SERANG– Sejumlah rambu lalu lintas di Tol Tangerang – Merak dan Serang – Panimbang tepatnya di Kabupaten Serang, Banten hilang. Hilangnya atribut jalan itu lantaran dicuri oleh sekelompok orang.Papan rambu yang dicuri oleh komplotan tersebut diantaranya rambu peringatan kepada para pengguna jalan untuk berhati-hati sebab adanya pekerjaan di jalan tol hingga tanda larangan mendahului dari sebelah kiri.Kepala Divisi Operasi dan Pemeliharaan PT Astra Infra Toll Road, Samsul mengatakan imbas dari pencurian rambu-rambu tersebut tak hanya menyebabkan kerugian bagi pengelola jalan tol. Namun juga berpotensi menyebabkan kecelakaan pada pengguna jalan.“Kalau rambu-rambu ini kaitannya dihilangkan ini menjadi potensi (kecelakaan) bagi pengguna jalan,” ujarnya pada konferensi pers terkait penangkapan 6 pencuri rambu tol di Mapolres Serang, Selasa (24/10/2023).Baca juga:Komplotan Pencuri Rambu Lalu Lintas di Jalan Tol Tangerang – Merak dan Serpan Dibekuk PolisiSamsul menjelaskan para pengguna jalan bisa mengalami kebingungan lantaran petunjuk arah atau peringatan di jalan tol tidak ada.“Pertama pengguna jalan kehilangan arah apakah ini tadinya kecepatannya berapa atau dilarang parkir atau petunjuk-petunjuk lainnya sehingga pembuat jalan agak kehilangan arah kebingungan,” tambahnya.Sebelumnya diwartakan, enam pencuri rambu lalu lintas di jalan Tol Tangerang – Merak dan Serang – Panimbang tepatnya di wilayah Kabupaten Serang, Banten ditangkap polisi. Mereka berinisial MSB (32), AY (38), H (31), D (41), AS (27), dan AR (38).Para tersangka yang berasal berdomisili di wilayah Tangerang ini nekat melakukan perbuatannya sebanyak tiga kali. Hasil barang curian berupa rambu lalu lintas itu dijualnya kepada lapak barang-barang bekas dengan harga Rp4 juta.“Setelah dilakukan penggeledahan, ditemukan barang bukti yang ada di dalam mobil truk dan beberapa orang tersangka diamankan,” ujar Kapolres Serang AKBP Wiwin Setiawan.Kini keenam pelaku harus meringkuk di balik jeruji besi dan dikenakan Pasal 363 KUHPidana ancaman penjara maksimal 7 tahun penjara.(Nin/Dra/Red)",hukum
Arab Saudi Jadi Tuan Rumah Piala Dunia 2034 Setelah Australia Mundur,"JAKARTA– Arab Saudi akan menjadi tuan rumah Piala Dunia 2034 setelah FIFA mengonfirmasi mereka sebagai satu-satunya penawar untuk menggelar turnamen sepak bola terakbar sejagat itu.Dilansir dari BBC, Rabu (1/11/2023), Australia memutuskan untuk tidak mengajukan penawaran sebagai tuan rumah Piala Dunia 2034 hanya beberapa jam sebelum batas waktu deklarasi kertertarikan ditutup FIFA pada Selasa (31/10/2023).Dalam keterangannya, FIFA juga mengonfirmasi bahwa Maroko, Portugal dan Spanyol adalah satu-satunya penawar untuk edisi 2030, dengan pertandingan juga dimainkan di Argentina, Paraguay dan Uruguay.Kepastian tuan rumah Piala Dunia 2030 dan 2034 akan dikonfirmasi oleh badan sepak bola dunia itu dalam Kongres FIFA yang bakal berlangsung akhir tahun 2024 ini.Sementara untuk edisi 2026, tiga negara telah dipilih menjadi tuan rumah yakni Amerika, Meksiko, dan Kanada.“Tiga edisi, lima benua, dan 10 negara terlibat dalam pementasan pertandingan di turnamen ini – itulah yang membuat sepak bola benar-benar mendunia,” tulis presiden FIFA Gianni Infantino di Instagram.Gelandang Timnas Meksiko, Luis Chavez (tidak terlihat) melakukan selebrasi dengan rekan-rekannya setelah mencetak gol kedua timnya selama matchday ketiga Grup C Piala Dunia 2022 antara Arab Saudi vs Meksiko di Stadion Lusail, Qatar, Kamis (1/12/2022) dini hari WIB. [FIFA].Gelandang Timnas Meksiko, Luis Chavez (tidak terlihat) melakukan selebrasi dengan rekan-rekannya setelah mencetak gol kedua timnya selama matchday ketiga Grup C Piala Dunia 2022 antara Arab Saudi vs Meksiko di Stadion Lusail, Qatar, Kamis (1/12/2022) dini hari WIB. [FIFA]“Saat kita hidup di dunia yang semakin terpecah dan agresif, kami sekali lagi menunjukkan bahwa sepak bola, olahraga global terkemuka, bersatu dengan cara yang tiada duanya.”Sebelum Arab Saudi jadi satu-satunya kandidat tuan rumah Piala Dunia 2034, Australia dianggap sebagai penantang potensial karena FIFA telah mengumumkan edisi tersebut bakal berlangsung di Asia atau Oseania.Namun, Australia pada akhirnya berubah pikiran dengan beralasan mundur dari penawaran agar bisa fokus mengupayakan untuk menjadi tuan rumah Piala Asia Wanita pada tahun 2026 dan Piala Dunia Antarklub pada tahun 2029.Setelah batas waktu deklarasi kertertarikan ditutup, FIFA mengonfirmasi mereka akan segera memasuki proses penawaran dan evaluasi yang menyeluruh untuk penunjukkan host Piala Dunia 2030 dan 2034. (Red)",Sport
107 Anggota Jaringan JI dan JAD Asal Banten Lepas Baiat,"SERANG– Sebanyak 107 orang mantan anggota Jemaah Islamiyah (JI) dan Jamaah Ansharut Daulah (JAD) yang ada di Provinsi Banten telah melepaskan baiat dan berikrar setia kepada Negara Kesatuan Republik Indonesia.Pengucapan ikrar setia pada NKRI dan lepas baiat yang diselenggarakan oleh Satgas Wilayah Banten Densus 88 Mabes Polri bertempat di lantai 7 Gedung PUPR Banten, pada Rabu (15/11/2023).Tujuan diadakan acara tersebut adalah untuk mencegah terjadinya ancaman tindak pidana terorisme yang dapat mengganggu stabilitas keamanan wilayah Banten terutama menjelang pelaksanaan Pemilu 2024.Direktur Pencegahan Densus 88 Antiteror Polri Brigjen Pol Ami Prindani menjelaskan dengan lepas Baiat dan berikrar setia kepada NKRI, diharapkan mereka bisa hidup berdampingan satu sama lain dalam berbagai perbedaan di Negera Indonesia ini.“Pada saat mereka bergabung dengan jaringan teror mereka melakukan sumpah baiat, sebenernya itu sudah masuk unsur pidana, tapi kadang mereka bergabung karena ikutan, terpaksa atau ketidaktahuan,” ujar Ami Prindani.“Setelah lepas Baiat itu mereka bisa mendapatkan kembali haknya sebagai warga negara, bisa diberikan bantuan sosial, bisa mengikuti program lain. Kita juga menekankan kepada yang masih bergabung dengan organisasi terlarang agar meninggalkannya dan bisa ikut kembali ke NKRI,” jelasnya.Pasca pelepasan baiat dan bersumpah setia pada NKRI, mereka kemudian satu persatu mencium bendera merah putih yang merupakan lambang negara Indonesia.Acara tersebut dihadiri ulama kharismatik Banten, Abuya Muhtadi Dimyati, tokoh masyarakat Banten H. Embay Mulya Syarief dan tokoh ulama lainnyaSementara itu di tempat yang sama, Kasatgaswil Banten Densus 88 AKBP Mayndra Eka Wardhana menjelaskan terkait 107 orang tersebut.“Perlu diketahui 107 anggota mantan dari dua organisasi teroris tersebut berasal dari beberapa wilayah yang ada di Provinsi Banten antara lain Kota Serang, Kabupaten Serang, Lebak, Pandeglang, Kota Cilegon dan Kabupaten Tangerang dengan rincian 96 orang JI dan 11 orang dari JAD,” jelas Mayndra Eka.Ia juga mengatakan akan terus bersinergi bersama seluruh stakeholder terkait sebagai wujud pencegahan terorisme dan radikalisme.“Kegiatan ini merupakan sinergitas antara Satgaswil Banten Densus 88 Antiteror dengan Pemerintah Daerah Banten sebagai wujud pencegahan terorisme dan radikalisme sesuai dengan Keputusan Gubernur Banten Nomor 339.05/kep.173-Huk/2023 tentang pembentukan tim terpadu pelaksanaan rencana aksi daerah pencegahan dan penanggulangan extremisme berbasis kekerasan yang mengarah pada terorisme,” ucap Mayndra Eka.Terakhir Kasatgaswil Banten Densus 88 juga mengharapkan setelah melepaskan Baiat dan berikrar setia kepada NKRI ke 107 orang tersebut mendapat pembinaan.(Red)",hukum
Relawan Ganjar Mahfud Gelar Pengukuhan Gapura Nusantara Banten,"LEBAK –Relawan Ganjar Pranowo dan Mahfud MD menggelar pengukuhan Gapura Nusantara Banten serta tasyakuran rumah pemenangan Ganjar – Mahfud, yang digelar di Desa Warunggunung, Kecamatan Warunggunung, Kabupaten Lebak, Banten, Sabtu (18/11/2023).Ketua relawan Gapura Nusantara Banten, Muhamad Hunan Nafi Nu’man mengatakan, jika pengukuhan Gapura Nusantara Banten ini dilaksanakan bertujuan untuk lebih mengkompakkan semua relawan yang berada di Banten dalam pemenangan Ganjar – Mahfud.“Kita sudah berkoordinasi dengan semua relawan yang berada di korcam dan kordes untuk menyatukan visi misi, pergerakan dan perjuangan dalam pemenangan Ganjar Pranowo dan Mahfud MD untuk menjadi Presiden dan wakil Presiden RI di tahun 2024 nanti,” kata Hubab saat ditemui seusai acara, Sabtu (18/11/2023).Ia mengungkapkan, masalah target di Provinsi Banten, pihaknya mengarahkan kepada para relawan di setiap korcam dan kordes untuk siap memenangkan Ganjar dan Mahfud.“Intinya Ganjar Pranowo dan Mahfud MD menang pada Pilpres tahun 2024 nanti,” ujarnya.Sementara itu, Pembina relawan Gapura Nusantara Banten Marsekal TNI (Purn) Agus Supriatna menyampaikan, kegiatan pengukuhan Relawan Gapura Nusantara Banten dilakukan untuk menyatukan semua relawan yang mendukung Ganjar Pranowo dan Mahfud MD dalam Pilpres 2024.“Semoga dengan pengukuhan ini semua relawan bisa merapatkan barisan dalam pemenangan Ganjar dan Mahfud untuk menjadi Presiden dan Wakil Presiden RI di tahun 2024 nanti,” ucapnya.(San/Red).",Politik
Dua Warga Lebak Tewas Tertimbun Galian Tanah,"LEBAK– Diki (19) warga Kecamatan Sajira dan Adendi (30) warga Kecamatan Cibadak, tewas tertimbun galian tanah yang berada di Desa Kaduagung Tengah, Kecamatan Cibadak, Kabupaten Lebak, Banten, Kamis (26/10/2023) sekira pukul 10.30 WIB.Kapolsek Cibadak AKP Kasih Suparja membenarkan, kejadian tewasnya dua orang dilokasi tambang galian tanah.“Benar, kedua orang tersebut meninggal dunia di tempat akibat tertimbun tanah,” kata Suparja saat ditemui diruang kerjanya, Kamis (26/10/2023).Ia mengungkapkan, saat kejadian korban Adendi tengah melakukan pekerjaan di jalan galian. Korban melakukan pengerukan tanah dan terjadi longsor di tebing sebelah kiri. Material longsoran tanah menimpa beko.“Di saat longsoran tanah yang menimpa beko, operator berusaha menyelamatkan diri dengan cara melompat dari atas beko. Namun, pada saat melompat longsoran susulan pun kembali menimpa Adendi dan satu orang sopir truk yang saat itu berada tidak jauh dari beko. Keduanya tertimbun longsoran tanah dan meninggal dunia ditempat” ujarnya.Ia menambahkan, dengan adanya kejadian tersebut kernek sopir truk yang saat kejadian berada tidak jauh dari lokasi longsor mencari pertolongan. Namun, kedua korban meninggal dunia di tempat.“Saat ini kedua korban sudah dibawa kerumah duka untuk disemayamkan, sedangkan lokasi kejadian sudah diberi tanda berupa garis polisi,” ucapnya.(San/Red).",hukum
Gibran Rakabuming Siap Hadapi Mahfud MD dan Cak Imin Saat Debat...,"SERANG– Calon wakil Presiden (Cawapres), Gibran Rakabuming Raka dianggap pede menghadapi debat Prof Mahfud MD, dan Cak Imin mendatang.Menurut Ketua Dewan Pembina Partai Gerindra, Hashim Djojohadikusumo sebagai anak muda Gibran diklaim tak gentar lawan Prof Mahfud MD, dan Cak Imin.“Aduh kita lihat kemarin pidatonya Mas Gibran waktu di Indonesia Arena luar biasa, semua orang, termasuk banyak orang asing, mereka kaget dan seneng sekali. Mas Gibran sangat matang. Dia bawa energi semangat anak muda yang berhadapan yang lebih tua-tua, saya kira engga masalah itu,” kata Hasyim melansir suara.com (jaringan BantenNews.co.id), Minggu (29/10/2023).Terkait keanggotaan Gibran di PDIP, Adik kandung, Prabowo Subianto itu tidak mau menanggapi. Dia menyerahkan keputusannya kepada PDIP.“Ya itu urusan PDIP lah, saya enggak mau komentar,” tukas Hasyim.Sementara itu, menurut Hasyim, pasangan Prabowo-Gibran, akan mensejahterakan guru di Indonesia. Dia mengaku akan membagikan gaji tambahan sebanyak Rp2 juta, selama 13 bulan termasuk THR nya.“Guru akan dikasih Rp 2 juta, termasuk guru honorer,” kata Hasyim.Dia juga mengatakan tak perlu khawatir soal dana yang akan digunakan. Menurutnya biaya makan gratis, dan Rp 2 juta untuk guru, ada anggarannya.Terkait anggaran yang akan digunakan, Hasyim menjelaskan telah mempelajari aliran uang di Republik Indonesia.“Saya katakan, Saya sudah pelajari hal ini (pengelolaan uang negara), saya pribadi dengan tim yang saya pimpin sudah pelajari sudah lama bertahun-tahun dan berbulan-bulan, dan ternyata uangnya ada dan uangnya bakal ada untuk makanan gratis untuk gaji tambahan untuk seluruh guru-guru se-indonesia dari Aceh sampai Papua termasuk guru-guru di Depok,” pungkas Hasyim.(Red)",Politik
1.333 Caleg DPRD Banten Resmi Masuk DCT Pemilu 2024,"SERANG– Sebanyak 1.333 calon anggota legislatif (caleg) resmi masuk daftar calon tetap (DCT) DPRD Banten untuk Pemilu 2024 mendatang. Keputusan itu usai Komisi Pemilihan Umum (KPU) Provinsi Banten menggelar rapat pleno penetapan DCT Pemilu 2024 di Kantor KPU Provinsi Banten, Cipocok Jaya, Kota Serang, Jumat (3/11/2023).Berdasarkan informasi, Pemilu 2024 diikuti 18 partai, dengan total caleg DPRD Banten mencapai 1.333 orang.Dari 1.333 calon tersebut 833 calon laki-laki (62,49%) dan 500 calon perempuan (37,51%) termasuk calon yang berstatus mantan narapidana sebanyak 7 orang calon (0,53%) pada 5 partai politik.Ketua KPU Provinsi Banten, Muhamad Ihsan mengatakan, tahapan pencalonan Anggota DPRD ini terbagi dalam lima tahap yaitu, satu tahap penerimaan awal, dua tahap perbaikan dokumen persyaratan. Tiga, tahap pencermatan rancangan Daftar Calon Sementara (DCS), empat tahap pergantian DCS, dan lima, tahap pencermatan Daftar Calon Tetap (DCT).“Pada tahap penerimaan awal yang dilaksanakan pada tanggal 1 Mei hingga 14 Mei 2023 partai politik (parpol) mengajukan bakal calon Anggota DPRD sebanyak 1.560 orang bakal calon dengan calon laki-laki sebanyak 951 orang calon atau 60,96 persen, dan calon perempuan sebanyak 609 orang atau 39,04 persen,” kata IhsanLebih lanjut Ihsan menjelaskan, pada tahap perbaikan yang dilaksanakan pada tanggal 25 Juni hingga 9 Juli 2023 parpol peserta pemilu mengajukan bakal calon sebanyak 1.548 orang bakal calon atau berkurang 12 orang bakal calon dari pengajuan awal.“Rinciannya dengan bakal calon laki-laki sebanyak 949 orang atau 61,30 persen dan calon perempuan sebanyak 599 38,70 persen,” jelasnya.Selanjutnya pada tanggal 6 Agustus hingga 11 Agustus KPU melaksanakan tahapan penerimaan rancangan DCS, dimana parpol mengajukan bakal calon sebanyak 1.544 orang atau berkurang 4 orang dari tahap perbaikan dokumen persyaratan.“Berkurangnya bakal calon tersebut dikarenakan mundurnya bakal calon dari pencalonan,” ucapnya.Ihsan mengungkapkan, hasil verifikasi administrasi dokumen persyaratan dari jumlah 1.544 orang bakal calon tersebut, KPU menemukan 1.337 orang dinyatakan memenuhi syarat (MS), 205 orang dinyatakan tidak memenuhi syarat (TMS) dan 2 orang pada 1 dapil di 1 partai dinyatakan memenuhi syarat namun tidak disertakan dalam DCS dikarenakan tidak terpenuhinya syarat keterwakilan perempuan pada daerah pemilihan tersebut.“Oleh KPU dan diketahui serta disetujui oleh parpol mencoret 2 orang calon tersebut, dan pada tanggal 19 Agustus 2023 KPU Provinsi Banten menetapkan DCS sebanyak 1.337 orang calon dengan calon laki-laki sebanyak 831 orang calon atau 62,15 persen dan calon perempuan sebanyak 506 orang calon 37,85 persen,” ungkapnya.Menurut Ihsan, pada tahap pergantian DCS dimana calon yang boleh diganti yang dinyatakan TMS akibat adanya tanggapan masyarakat. Pada masa ini partai politik tidak ada yang mengajukan pergantian calon.Kemudian pada tanggal 24 September hingga 3 Oktober 2023 KPU Provinsi Banten melaksanakan tahap pencermatan DCT. Dimana pada tahap ini parpol diberikan kesempatan untuk yang terakhir kalinya untuk merubah susunan calon, mengganti calon dan mencoret atau mengurangi calon.“Parpol tidak diperbolehkan menambah jumlah calon sebagaimana yang telah ditetapkan dalam DCS. Pada tahap ini parpol mengajukan calon sebanyak 1.333 atau berkurang 4 orang dari DCS yang telah ditetapkan. Berkurangnya calon tersebut ada pada 3 partai politik yang disebabkan mengundurkan diri 2 orang dan menjadi tenaga PPPK sebanyak 2 orang,” ujarnya.“Dan pada tanggal 3 November 2023 KPU Provinsi Banten menetapkan DCT anggota DPRD Provinsi Banten Pemilu tahun 2024 sebanyak 1.333 dimana 833 calon laki-laki atau 62,49 persen dan 500 calon perempuan 37,51 persen yang tersebar pada 12 daerah pemilihan untuk memperebutkan 100 kursi DPRD Provinsi Banten,” sambungnya.Adapun sebaran kursi pada daerah pemilihan (dapil) tersebut antara lain, Dapil Banten 1 Kota Serang 6 kursi, Dapil Banten 2 Kabupaten Serang A 9 kursi. Dapil Banten 3 Kabupaten Serang B 5 kursi, Dapil Banten 4 Kabupaten Tangerang A 9 kursi.Dapil Banten 5 Kabupaten Serang B 9 kursi, Dapil Banten 6 Kabupaten Tangerang C 8 kursi, Dapil Banten 7 Kota Tangerang A 9 kursi. Dapil Banten 8 Kota Tangerang B 7 kursi, Dapil Banten 9 Kota Tangerang Selatan 11 kursi.Dapil Banten 10 Kabupaten Lebak 12 kursi, Dapil Banten 11 Kabupaten Pandeglang 11 kursi dan Dapil Banten 12 Kota Cilegon 4 kursi.(Mir/Red)",Politik
Kades Lontar Akui Pakai Duit Desa untuk Hiburan Malam Tiap Hari,"SERANG– Sidang kasus korupsi dana Desa Lontar Kecamatan Tirtayasa, Kabupaten Serang sebesar Rp988 Juta yang dilakukan oleh mantan kades, Aklani kembali digelar, Selasa (31/10/2023).Dalam sidang lanjutan dengan agenda mendengarkan keterangan terdakwa itu, mantan Kades Lontar Aklani mengakui jika dirinya memakai uang hasil korupsi dana desanya untuk hiburan malam hampir setiap hari.Terdakwa dalam keterangannya mengatakan jika ia menggunakan dana desa yang seharusnya untuk kegiatan pembangunan fisik desa serta kegiatan desa lainnya dengan total kerugian Rp988 juta.Alih-alih untuk pembangunan desa, Aklani bersama staf desa menghamburkan uang dana desa untuk hiburan malam dan sawer biduan. “Dipake buat hiburan dengan para staf yang mulia di Cilegon waktu itu,” kata terdakwa.Ia menuturkan jika dirinya bersama 4 staf desanya yang bernama Junaedi, Kholid, Pendi dan Syukron kerap menghabiskan uang Rp5-9 juta sekali hiburan malam. Ia juga biasa menyawer para pemandu karaoke sebesar Rp500-700 ribu per orangnya.“Jumat juga kalau buka juga saya hajar aja, saya minta ke mami (pemilik hiburan malam) jumat juga buka,” tuturnya.Sejauh ini ia mengaku telah mengembalikan sebagian dana pembangunan fisik desa melalui kontraktor pelaksana sebesar Rp198 juta. Untuk sisanya ia mengatakan belum sanggup membayar karena harus mendiskusikan dengan keluarganya.Saat hakim menanyakan apakah dirinya memiliki permohonan, Aklani mengatakan bahwa ia hanya ingin kawan-kawan staf desanya yang dulu bersama sama hiburan malam dapat juga masuk tahanan.“Walaupun saya merasakan lebih gede dari mereka mereka juga harus menanggung resikonya yang mulia. Saya minta pertimbangan aja biar saya ada temennya,” ujarnya.Aklani didakwa menyelewengkan dana 5 proyek fisik hingga diduga melakukan manipulasi laporan pertanggungjawaban penggunaan APBDes. Bahkan dana bantuan dari Pemprov untuk penyelenggaraan kegiatan Desa Siaga Kesehatan saat Pandemi Covid-19 tidak terlaksana sebab dana sebesar Rp50 juta tidak ia salurkan. Berdasarkan laporan hasil audit dari Inspektorat Kabupaten Serang kerugian negara ditaksir mencapai Rp988 juta.Perbuatan terdakwa Alani Bin Bakrudin diancam dengan Pasal 2 Ayat (1) Jo Pasal 18 UU RI Nomor 31 Tahun 1999 Tentang Pemberantasan Tindak Pidana Korupsi Jo UU RI Nomor 20 Tahun 2001 Tentang Perubahan Atas UU RI Nomor 31 Tahun 1999 Tentang Pemberantasan Tindak Pidana Korupsi.(Dra/Red)",hukum
Polisi Tahan Pengelola Korsel yang Tewaskan Bocah di Kabupaten Serang,"SERANG– Pengelola korsel di Kampung Cileuweung, Desa Kadubeurem, Kecamatan Pabuaran, Kabupaten Serang yang menewaskan bocah bernama Muhammad Gani akhirnya ditahan polisi. Hal itu disampaikan oleh Kapolresta Serang Kombes Pol Sofwan Hermanto.“Pengelola wahana sudah diamankan oleh kami. Kami juga sudah melakukan otopsi terhadap korban,” kata Sofwan kepada wartawan, Minggu (29/10/2023).Hasil otopsi menunjukkan korban mengalami luka lecet di punggung dan pinggang, memar di bagian tubuh, dan bintik pendarahan pada jantung. Diduga, korban tersetrum karena memegang pagar pembatas wahana yang berbahan besi dan teraliri listrik.“Perkiraan waktu kematian kurang dari 8 jam sebelum pemeriksaan dan tidak ada tanda-tanda kekerasan pada tubuh korban,” kata Sofwan.Baca juga:Pasar Malam di Kabupaten Serang Telan Korban, Warga Ngamuk Bakar Wahana BermainSofwan menjelaskan, kejadian bermula saat korban bersama keluarganya mendatangi wahana korsel untuk bermain. Setelah membeli es, korban menuju wahana Biang Lala helikopter. Korban kemudian duduk di pinggir pagar pembatas warna tersebut.Korban tidak menyadari bahwa dirinya tersetrum karena memegang pagar pembatas wahana yang berbahan besi. Korban kemudian dilarikan ke Puskesmas Ciomas, namun nyawanya tidak tertolong.Atas peristiwa tersebut, keluarga korban mencari pengelola wahana permainan korsel. Karena tidak bertemu dengan pengelola, keluarga korban kemudian membakar beberapa permainan di wahana tersebut.“Kami sudah mengamankan sejumlah saksi, termasuk keluarga korban. Kami juga akan memeriksa pengelola wahana untuk mengetahui penyebab peristiwa ini,” kata Sofwan.Sofwan menegaskan, pihaknya akan menindak tegas pengelola wahana yang lalai sehingga menyebabkan korban meninggal dunia.(Dhe/Red)",hukum
"Usai Video Mesum Viral, Mantan Guru di Carenang Menyerahkan Diri ke...","KAB. SERANG– Usai kasusnya viral, seorang mantan guru MTs di Kecamatan Carenang, Kabupaten Serang, Banten akhirnya menyerahkan diri. Pria berinisial LMH itu dilaporkan atas dugaan pelecehan seksual kepada siswi dan adik iparnya serta merekamnya hingga tersebar di jagat media sosial.LMH yang kini berprofesi sebagai karyawan perusahaan di kawasan Serang Timur itu langsung ditetapkan tersangka usai menjalani pemeriksaan. Saat ini dirinya mendekam di Rutan Polda Banten sejak Selasa (7/11/2023).Kepala Sub Direktorat (Kasubdit) IV Renakta (remaja, anak dan wanita) Ditreskrimum (Direktorat Reserse Kriminal Umum) Polda Banten Kompol Herlia Hartarani membenarkan bahwa tersangka dugaan kasus persetubuhan itu telah ditahan di Rutan Polda Banten. “Iya sudah ditahan di rutan, tanggal 7 November 2023,” katanya ketika dikonfirmasi, Rabu (8/11/2023).LMH mendatangi Polda Banten dengan didampingi lurah setempat. Ia dilaporkan oleh keluarga korban usai video adegan tak senonohnya bersama adik ipar viral. Ketika itu dia sudah bukan lagi menjadi guru melainkan telah beralih profesi sebagai karyawan perusahaan swasta di Serang Timur.“Yang bersangkutan (yang bersangkutan) datang didampingi lurahnya,” ujarnya.Kasus LMH awalnya mencuat setelah video adegan tak pantas bersama mantan siswinya tersebar di media sosial. Saat itu dirinya masih menjadi guru Penjaskes di sebuah sekolah madrasah.Tak hanya rekaman dengan mantan muridnya, video adegan serupa yang dilakukannya bersama adik ipar juga viral. Ketika itu dia sudah bukan lagi menjadi guru melainkan telah beralih profesi sebagai karyawan perusahaan swasta di Serang Timur.Keluarga kedua wanita dalam video yang tidak terima atas perbuatan mantan pendidik tersebut lantas melaporkannya ke pihak kepolisian atas dugaan pelecehan seksual di bawah umur. Keluarga adik iparnya melaporkan ke Polda Banten, sedangkan keluarga mantan siswi LMH melaporkan ke Polres Serang pada 22 Oktober 2023.(You/Nin/Red)",hukum
"Grand Final AXIS Nation Cup 2023, 10 Tim Futsal SMA/SMK Terbaik...","SERANG–  Turnamen futsal terbesar antar-SMA se-Indonesia, AXIS Nation Cup 2023 akan memasuki babak grand final. Sebanyak 10 tim telah berhasil masuk babak puncak turnamen dan siap memperebutkan total hadiah Rp 435 juta. Acara grand final ini akan berlangsung pada tanggal 15 Oktober 2023 di Istora Senayan, Jakarta yang dimeriahkan music performance oleh JKT48 dan Diskoria serta pertandingan Fun Match dari para influencer antara tim Shafira Ika Putri (Tim Nasional) dan Aganta VS tim Vonny Felicia dan Ciccio Manassero (Aktor).Chief Marketing Officer XL Axiata, Alfons Bosch Sansa mengatakan setelah sebulan lebih AXIS Nation Cup dilaksanakan di berbagai kota di Indonesia, akhirnya sampai juga di acara puncak.“Kami melihat antusiasme baik dari peserta maupun juga seluruh pengunjung sangat tinggi terhadap program ini. Ini menjadi pembuktian bagi kami, bahwa melalui program ini kami bisa berperan serta untuk mengembangkan potensi-potensi dari siswa untuk jadi yang terbaik. Harapan kami melalui AXIS Nation Cup ini bisa lahir bibit-bibit baru atlet futsal yang akan bisa turut mengharumkan nama Indonesia,” ujarnya, Kamis (5/10/2023).Berikut ini 10 tim yang akan berlaga di grand finalis:Region Jabodetabek dan Banten: SMAN 8 Serang, SMKN 3 Bekasi, SMAN 1 Parung – Kab Bogor, SMK Nusantara – Jakarta Barat, dan SMK PGRI 11 Ciledug – Tangerang SelatanRegional West: SMAN 4 Metro LampungRegion Central: SMAN 11 SemarangRegion East: SMAN 1 MasbagikRegion Kalimantan: SMKN 1 BalikpapanRegion Sulawesi: SMAN 8 MakassarKhusus untuk region Jabodetabek dan Banten, sebagai tuan rumah Grand Final AXIS Nation Cup 2023, mendapatkan hak istimewa (privilege) untuk mengirimkan finalist tim futsal terbaik setiap kotanya, total 5 tim futsal sekolah terbaik.Menjelang babak grand final, ke 10 tim tersebut akan mengikuti serangkaian aktivitas, antara lain persiapan field test di Istora Senayan, mendapatkan coaching clinic untuk memupuk solidaritas antar tim, hingga menghadiri gala dinner. Dalam persiapan ini seluruh atlet akan dibuatkan video profil untuk masing-masing tim dan akan di dokumentasikan selama mengikuti masa persiapan.Melibatkan lebih dari 1.200 sekolah dengan lebih dari 12 ribu atlet dari 30 kota di seluruh Indonesia, ajang AXIS Nation Cup 2023 juga mendapatkan perhatian luas dari masyarakat, terutama kalangan muda. Lebih dari 100 ribu pengunjung menyaksikan di sepanjang babak preliminary di enam region yang berlangsung di Serang, Tangerang, Bogor, Bekasi, Jakarta, Bandung, Cirebon, Yogyakarta, Purwokerto, Semarang, Solo, Denpasar, Surabaya, Malang, Mataram, Aceh, Medan, Palembang, Padang, Jambi, Pekanbaru, Lampung, Pontianak, Balikpapan, Samarinda, Banjarmasin, Manado, Gorontalo, Palu dan Makassar.Grand Final AXIS Nation Cup 2023 terbuka secara gratis untuk masyarakat umum yang ingin menyaksikan. Bahkan penonton juga dapat menghadiri berbagai booth dengan beragam keseruan, seperti kompetisi e-Sport tempat mengadu kemampuan bermain olahraga secara daring di E-Sport Tent, hingga menikmati makanan sebelum memasuki area indoor.Selain itu, pengunjung dapat menjelajahi experience booth AXIS dengan berbagai fiturnya, dari mulai charging station,  dan mencoba keberuntungan mereka di permainan foosball atau arcade kick ball, dengan kesempatan untuk membawa pulang jersey AXIS dan hadiah menarik lainnya. Untuk informasi tiket dapat diperoleh melalui anc.axis.co.idAcara grand final ini juga akan dipandu secara live oleh pelatih futsal ternama “Donzol” dan  stand up comedian “Lolox” sebagai komentator. Penonton dan pendukung yang hadir juga berkesempatan memenangkan beragam hadiah menarik dari AXIS.(Red)",Sport
Pengidap HIV Cabuli Bocah Anak Tetangga di Pandeglang,"PANDEGLANG– Satuan Reserse Kriminal (Satreskrim) Polres Pandeglang mengaku saat ini pihaknya masih melengkapi berkas kasus tersangka MY (35) seorang duda yang tega mencabuli anak tetangganya yang masih dibawah umur. Tersangka yang mengidap penyakit HIV saat ini masih menjalani kurungan di Mapolres Pandeglang.KBO Satreskrim Polres Pandeglang, Ipda Beni Sukirman mengatakan, sesuai petunjuk jaksa maka pihaknya masih harus melengkapi beberapa berkas agar kasus tersebut segera bisa di P21-kan dan dilimpahkan ke Kejaksaan Pandeglang.“Masih belum tahap dua, ini masih proses sidik memenuhi P19 atau memenuhi kekurangan petunjuk jaksa intinya. Masih ditahan di Polres Pandeglang karena belum P21 dan sakit HIV, akhirnya menunggu P21,” kata Beni saat dihubungi Bantennews.co.id melalui sambungan telepon, Jumat (3/11/2023).Selain masih ada beberapa berkas belum lengkap, saat ini tersangka juga masih diberikan perawatan medis untuk penyakit yang dideritanya. “Masih (menjalani) perawatan,” ucapnya.Baca juga:Komnas Anak Banten: Oknum Kepala Sekolah Terduga Pelaku Pencabulan Harus Diganjar Hukuman MaksimalDiberitakan sebelumnya, seorang pria berstatus duda berinisial MY (35) warga Kecamatan Kaduhejo, Kabupaten Pandeglang diduga mencabuli anak dibawah umur. Tersangka ditangkap setelah orang tua pelaku melakukan tindakan asusila yang menimpa anaknya ke polisi.Saat melakukan aksinya, tersangka menggunakan modus memberikan jajanan gratis pada para korban. Setelah korban diberikan jajanan selanjutnya tersangka membawa para korban ke rumahnya untuk memaksa melakukan oral seks.Hasil pemeriksaan kesehatan yang dilakukan polisi akhirnya terungkap fakta bahwa tersangka mengidap penyakit HIV. Untuk mengindari tahanan lain tertular penyakit yang sama, polisi terpaksa memisahkan ruang tahan tersangka dengan tahan lain.(Med/Red)",hukum
Yudi Budi Wibowo Serap Aspirasi Masyarakat Tangerang Selatan,"TANGSEL– Anggota DPRD Provinsi Banten, Yudi Budi Wibowo melaksanakan reses masa sidang ke-1 tahun sidang 2023/2024 di daerah pemilihnya, Kota Tangerang Selatan (Tangsel)Dalam resesnya, Yudi Budi Wibowo menerima beragam usulan dari masyarakat, antara lain infrastruktur jalan, drainase, Penerima Peserta Didik Baru (PPDB), dan lowongan kerja.Yudi mengatakan, masyarakat menginginkan perbaikan peningkatan jalan dan sistem drainase untuk mengatasi masalah banjir dan memperbaiki aksesibilitas.“Jika tidak diperbaiki khawatir memasuki musim penghujan ini akan terjadi banjir di lingkungan masyarakat,” katanya, Selasa (14/11/2023).Masyarakat juga menginginkan Pemerintah Provinsi Banten memberikan perhatian khusus pada permasalahan PPDB.“Masyarakat menyampaikan kendala yang dihadapi masyarakat dalam mengakses pendidikan. Terhadap hal ini tentu kami berkomitmen untuk mendorong perbaikan sistem PPDB guna memastikan akses pendidikan yang lebih adil,” ujarnya.Selain itu, kata Yudi, masyarakat berharap akses terhadap lapangan kerja diperluas. Hal ini dilakukan untuk mengatasi pengangguran.“Berdasarkan aspirasi masyarakat maka saya mengusulkan langkah kongkret untuk mengatasi persoalan pengangguran,” ujarnya.Ketua Bapemperda DPRD Banten ini berharap hasil reses dapat menjadi pijakan pembangunan yang lebih efektif di Provinsi Banten. “Sehingga pembangunan yang dilaksanakan Pemerintah Provinsi Banten khususnya di Kota Tangerang Selatan sesuai dengan kebutuhan masyarakat,” ucapnya.(Red)",Politik
22 Club Bersaing Kerjurda Bola Voli Provinsi Banten,"TANGERANG– Kota Tangerang dipercaya menjadi tuan rumah kejuaraan olahraga. Kali ini, menjadi tuan rumah Kejuaraan Daerah (Kejurda) Bola Voli Indoor tingkat Provinsi Banten, yang diikuti 22 club yakni 13 club putra dan sembilan club putri, kategori U-17, yang berlangsung di GOR Jatiuwung, Kota Tangerang, Sabtu (14/10/2023).Event yang digelar untuk merebutkan tiket Kejuaraan Nasional (Kejurnas) ini dibuka, Kepala Dispora, Kota Tangerang, Kaonang beserta jajaran, dan akan berlangsung hingga Minggu (15/10/2023).Penitia Penyelenggara, Suyono mengungkapkan perhelatan ini didebut untuk mencari tim terbaik dari Provinsi Banten, guna diikutsertakan dalam Kejurnas Bola Voli Antar Club U-17, pada 19-26 November mendatang.“Kejurnas nanti akan digelar di Kota Tangerang. Dengan itu, pertandingan ini akan berlangsung sangat serius, untuk menyaring mereka para atlet terbaik Provinsi Banten untuk maju tingkat Nasional,” katanya.Sementara itu, Kepala Dispora, Kota Tangerang, Kaonang menegaskan event ini adalah ajang bergengsi yang harus diikuti para atlet dengan serius. “Dengan itu, para atlet harus bermain dengan cantik, bermain indah dan tunjukkan kemampuan dan skill terbaiknya di cabang voli ini,” seru Kaonang.“Terpenting, dalam event ini seluruh pihak, yaitu atlet, panitia, atau pengurus untuk sama-sama menjunjung sportivitas selama pertandingan. Dari Kejurda ini diharapkan muncul atlet-atlet terbaik tingkat Nasional, kalau bisa mereka itu dari Kota Tangerang,” tambahnya.Masih dilokasi yang sama, salah seorang atlet, Club Optima, Benita Shela Dewi menuturkan sembilan club putri yang mengikuti ajang ini bukanlah club kecil yang bisa dianggap remeh.“Sangat terlihat profesionalitas para club dan atlet, semua datang kesini untuk memberikan yang terbaik untuk dirinya dan clubnya. Disamping itu, saya pribadi apresiasi dengan Kota Tangerang, dengan segala fasilitas dan sarana yang dimiliki. Semoga terus lahir atlet terbaik dari sarana olahraga Kota Tangerang,” tutup Benita.(Ril/Red)",Sport
"Sudah Final dan Mengikat, Aturan Main Pilpres 2024 Tak Bisa Diubah...","SERANG– Ketua Majelis Kehormatan Mahkamah Konstitusi (MKMK), Jimly Asshiddiqie menegaskan aturan main Pilpres 2024 tidak bisa diubah lagi setelah Mahkamah Konstitusi memutus perkara nomor 90/PUU-XXI/2023.Dengan begitu, dia mengatakan MKMK tidak memiliki wewenang untuk mengubah atau menganulir putusan tentang batas usia minimal calon presiden dan calon wakil presiden tersebut.“Diatur di konstitusi demikian dan juga di undang undang sebagaimana sudah dipraktikkan, bahkan sudah beberapa kali ada putusan MK soal mengikatnya, itu sudah menjadi doktrin. Putusan Mahkamah Konstitusi bersifat final dan mengikat,” kata Jimly di Gedung MK, Jakarta Pusat, Selasa (7/11/2023).Menurut dia, pengambilan keputusan MK yang melanggar aturan merupakan persoalan lain tetapi putusan MK tetap bersifat final dan mengikat.Mengenai gugatan yang dilayangkan mahasiswa Universitas Nahdlatul Ulama terhadap pasal 169 huruf q UU 7 tahun 2017 tentang pemilu, Jimly menilai jika dikabulkan, aturannya akan berlaku pada Pemilu 2029.“Putusan aturan main itu, kalau prosesnya sudah dimulai, ya dijalankan. Jadi, kalau nanti ada perubahan lagi UU sebagaimana diajukan oleh mahasiswa itu, berlakunya nanti di 2029,” tegas Jimly.Diberitakan sebelumnya, MKMK menegaskan tidak mempertimbangkan untuk mengubah atau membatalkan putusan Mahkamah Konstitusi (MK) nomor 90/PUU-XXI/2023 tentang batas usia minimal calon presiden dan calon wakil presiden.“Majelis Kehormatan berpendirian untuk menolak atau sekurang-kurangnya tidak mempertimbangkan isu dalam laporan dugaan pelanggaran kode etik dan perilaku hakim konstitusi sepanjang berkaitan dengan permintaan pelapor untuk melakukan penilaian antara lain berupa pembatalan, koreksi, atau meninjau kembali terhadap putusan Mahkamah Konstitusi konstitusi in casu putusan Mahkamah Konstitusi nomor 90/PUU-XXI/2023,” kata Anggota MKMK Wahiduddin Adams di ruang Sidang MK, Jakarta Pusat, Selasa (7/11).“Termasuk juga dalam hal ini, Majelis Kehormatan tidak akan masuk melakukan penilaian terhadap aspek teknis yudisial Mahkamah Konstitusi in casu hakim konstitusi yang merupakan perwujudan pelaksanaan prinsip kemerdekaan hakim konstitusi sebagai sembilan pilar konstitusi dan kemerdekaan kekuasaan kehakiman sebagai kelembagaan,” tambah dia.Sebelumnya, MK memperbolehkan orang yang berusia di bawah 40 tahun menjadi capres atau cawapres jika pernah atau sedang menjabat sebagai kepala daerah melalui pilkada.“Mengadili, satu, mengabulkan permohonan pemohon untuk sebagian. Menyatakan Pasal 169 huruf q UU 7/2017 tentang Pemilu nomor 182 tambahan lembaran negara nomor 6109 yang menyatakan berusia paling rendah 40 tahun bertentangan UUD RI 1945 dan tidak mempunyai kekuatan hukum mengikat sepanjang tidak dimaknai berusia paling rendah 40 tahun atau pernah/sedang memiliki jabatan yang dipilih melalui Pemilu termasuk pemilihan kepala daerah,” kata Ketua MK Anwar Usman, Senin (16/10/2023).Salah satu pertimbangan hakim Konstitusi menerima permohonan tersebut ialah karena banyak anak muda yang juga ditunjuk sebagai pemimpin.Putusan tersebut mendapatkan banyak reaksi masyarakat lantaran dianggap membuka jalan bagi keponakan Anwar, yaitu Gibran Rakabuming Raka untuk menjadi cawapres.Adapun mahasiswa asal Surakarta, Almas Tsaibbirru Re A selaku pemohon dalam perkara itu juga memiliki pandangan tokoh ideal sebagai pemimpin bangsa Indonesia yakni mengidolakan Wali Kota Surakarta Gibran Rakabuming Raka periode 2020-2025.Sebab, dia menilai pada masa pemerintahannya, Gibran mampu meningkatkan pertumbuhan ekonomi di Surakarta sebanyak 6,23 persen padahal pada saat awal menjabat sebagai Wali Kota Surakarta pertumbuhan ekonomi Surakarta justru sedang minus 1,74 persen.Terlebih, pemohon menganggap Wali Kota Surakarta sudah memiliki pengalaman membangun dan memajukan Kota Surakarta dengan kejujuran, integritas moral dan taat serta patuh mengabdi kepada kepentingan rakyat dan negara.(Red)",Politik
"Korupsi Rp988 Juta, Mantan Kades Lontar Dituntut 6 Tahun Bui","SERANG– Mantan Kepala Desa Lontar, Kecamatan Tirtayasa, Kabupaten Serang Aklani dituntut 6 tahun penjara atas kasus korupsi dana desa sebesar Rp988 Juta. Duit itu digunakan Aklani untuk hiburan malam dan sawer biduan bersama beberapa staff desanya hampir setiap hari.Tuntutan dibacakan Jaksa Penuntut Umum (JPU) Kejati Serang di Pengadilan Negeri Serang pada sidang yang dipimpin ketua majelis Hakim Dedy Ady Saputra. “Menuntut terdakwa Aklani dengan pidana penjara selama 6 tahun,” kata JPU Subadri.Selain tuntutan pidana kurungan badan, terdakwa juga dituntut membayar denda sebesar Rp250 juta subsidair 3 bulan penjara.Terdakwa juga dibebankan uang pengganti sebesar Rp792 Juta karena dari total kerugian negara dirinya telah mengembalikan uang kepada negara sebesar Rp198 juta. Jika tidak dapat mengganti uang tersebut maka harta benda terdakwa disita dan apabila tidak mencukupi maka diganti 3 tahun 3 bulan kurungan penjara.JPU menilai perbuatan terdakwa secara sah dan meyakinkan melanggar pasal 2 Undang-undang Tipikor seperti dalam dakwaan primair.Unsur korupsi terbukti karena dalam fakta persidangan dirinya mengakui bahwa dana desa untuk kegiatan fisik serta bantuan dana Covid dari Provinsi tidak dipergunakan sebagaimana seharusnya.Mengenai hal yang memberatkan yaitu terdakwa tidak mendukung program pemerintah mengenai pemberantasan korupsi serta mengakibatkan kerugian negara sebesar Rp988 Juta.Adapun hal meringankan yaitu terdakwa telah mengembalikan sebagian kerugian negara tersebut “Terdakwa telah mengembalikan dana sebesar Rp198 Juta,” kata JPU Subadri.(Dra/red)",hukum
"Hadapi Panama, Pelatih Minta Pemain Timnas Indonesia U-17 Kompak","JAKARTA– Pemain Timnas Indonesia U-17 Welber Jardim mengatakan bahwa pelatih Bima Sakti meminta tim untuk tetap kompak dalam bertanding, terlebih saat menghadapi Panama U-17 di laga kedua grup A Piala Dunia U-17 2023.“Pelatih meminta kami semua untuk kompak. Saat kami menyerang harus bersama-sama saling bantu, komunikasi juga harus bagus dalam tim,” ujarnya saat berlatih bersama tim di Lapangan A kompleks Stadion GBT Surabaya, Minggu (13/11/2023) seperti dikutip dari Antara.Menurut pemain asal klub Brasil Sao Paulo FC tersebut, kunci dari kemenangan ialah kekompakan tim yang memang sudah dipesankan pelatih kepada dirinya dan rekan-rekannya.“Besok (hari ini-red) akan menjadi pertandingan yang sulit, kami harus konsentrasi. Kami harus berikan semuanya. Komunikasi juga harus bagus saat masuk lapangan dan kami bisa menang,” ujarnya.Oleh karena itu, dirinya bersama tim akan selalu berlatih dengan keras dan bermain lebih bagus saat melawan Panama U-17, yang akan berlangsung di Stadion Gelora Bung Tomo Surabaya, 13 November 2023.“Kami latihan dengan keras agar besok bisa bermain dengan lebih bagus, supaya tidak capek dan tidak kram,” tuturnya.Pesepak bola kelahiran 25 April 2007 itu menilai, bahwa Panama merupakan tim yang bagus dan memiliki kualitas pemain yang baik pula.“Mereka (Panama) bagus dalam situasi satu lawan satu. Sekarang kami latihan untuk satu lawan satu supaya kami tidak kalah,” ujar Welber.Namun, lanjutnya, ada sisi yang bisa dimanfaatkan oleh para penggawa Garuda Muda. “Mereka bermain secara terbuka sekali dan kami harus coba memanfaatkan itu,” katanya.Tak hanya itu, dirinya juga siap dan akan mengikuti instruksi pelatih meskipun harus berganti posisi, agar dapat membantu negaranya.“Seperti yang sudah saya bilang pada Coach Bima, mau taruh saya di posisi apa saya akan mau dan hanya ingin bermain untuk membantu Timnas Indonesia,” ujar Welber.Saat ini, pada klasemen sementara grup A Piala Dunia U-17, Indonesia berada di peringkat kedua dengan raihan satu poin setelah bermain imbang 1-1 melawan Ekuador.Selanjutnya, Timnas Indonesia akan menghadapi Panama dalam pertandingan kedua grup A Piala Dunia U-17 2023 di Stadion GBT Surabaya, pada Senin, 13 November 2023. (Red)",Sport
"Korupsi Rp 40 Miliar, Anggota Badan Pemeriksa Keuangan Achsanul Qosasi Ditahan","JAKARTA– Anggota III Badan Pemeriksa Keuangan (BPK) RI Achsanul Qosasi resmi ditetapkan tersangka oleh Kejaksaan Agung (Kejagung). Penetapan ini terkait dengan korupsi BTS 4G BAKTI Kementerian Komunikasi dan Informatika (Kominfo).Dirinya dianggap menerima uang Rp 40 miliar atas kasus korupsi tersebut.Terlepas dari hal itu, ternyata Achsanul Qosasi ini memiliki utang yang besar senilai Rp 4,83 miliar. Hal ini diketahui berdasarkan Laporan Harta Kekayaan Penyelenggara Negara (LHKPN).Sementara, total harta kekayaannya yang dimiliki oleh Pemilik Klub Madura United Rp 24,8 miliar. Rinciannya, harta kekayaan Achsanul berupa tanah dan bangunan yang sebesar Rp 21,8 miliar.Kemudian, dirinya tercatat memiliki tujuh mobil yang senilai Rp 1,4 miliar. Mobil yang dimiliki diantaranya Toyota Alphard Minibus (2011) Rp 500 juta, Toyota Camry Sedan (2011) Rp 200 juta, VW Sedan (1974) Rp 200 juta, dan Toyota Kijang Innova Minibus (2010) Rp 130 juta. Lalu, ada Mitsubishi Outlander Sport Minibus (2013) Rp 300 juta.Sebelumnya, Anggota III Badan Pemeriksa Keuangan (BPK) Achsanul Qosasi resmi ditetapkan sebagai tersangka di kasus dugaan korupsi BTS Kominfo. Pada Jumat (3/11/2023) Achsanul lebih dulu dipanggil Kejaksaan Agung untuk menjalani pemeriksaan.Achsanul Qosasi diperiksa Kejagung setelah dalam persidangan namanya disebut-sebut. Ia diperiksa terkait dugaan korupsi penerimaan uang senilai Rp 40 miliar yang diduga mengalir ke BPK.“Setelah dilakukan pemeriksaan intensif dan…. alat bikti maka tim, kesimpulan ada cukup alat bukti menetapkan yang bersangkutan (Achsanul Qosasi) sebagai tersangka,” ujar Dirdik Jam Pidsus Kejagung, Kuntadi kepada awak media termasuk Suara.com, Jumat.Achsanul Qosasi diperiksa Kejagung sejak pukul 8.00 WIB pagi tadi. Dia dipanggil setelah namanya disebut pada persidangan kasus korupsi BTS BTS 4G BAKTI Kominfo.“Sudah, sudah, dari jam 8-an kurang. Seharusnya jam 9,” kata Kepala Pusat Penerangan Hukum (Kapuspenkum) Kejaksaan Agung RI Ketut Sumedana.Dia pun membenarkan Achsanul akan diklarifikasi soal aliran dana korupsi BTS 4G.“Terkiat aliran dana itu yang sudah terungkap di persidangan, itu kita mau klarifikasi,” kata ketut. (Red)",hukum
Vonis Mantan Kabid Dinsos Terdakwa Korupsi Dana Bencana Diperberat Hakim,"SERANG– Mantan Kepala Bidang Perlindungan, Jaminan Sosial, Data dan Informasi Sosial pada Dinas Sosial Kabupaten Lebak, Endin Toharudin divonis lebih berat oleh hakim Pengadilan Tinggi (PT) Banten. Ia divonis 4 Tahun Penjara oleh majelis hakim PT.“Menjatuhkan pidana kepada Terdakwa oleh karena itu dengan pidana penjara selama 4 tahun, dan Pidana denda sejumlah Rp200 Juta dengan ketentuan apabila denda tersebut tidak dibayar, diganti dengan pidana kurungan selama 1 bulan,” bunyi putusan PT Banten Nomor 40/PID.Sus-TPK/2023/PT BTN dikutip Bantennews di lama resmi Mahkamah Agung, Sabtu (18/11/2023).Vonis putusan banding dibacakan pada Selasa (14/11/2023) lalu. bertindak sebagai ketua majelis hakim yaitu Supriyono serta hakim anggota Laurensius Sibarani dan Budi Satria.Hakim PT menilai dalam pertimbangannya bahwa di Pengadilan Negeri Serang hal memberatkan yang belum dipertimbangkan yaitu bahwa aspek kesalahan terdakwa masuk dalam kategori tinggi. Dari total Dana Bantuan Tidak Terencana (BTT) bagi korban bencana alam dan bencana sosial di Kabupaten Lebak pada 2021 sebesar Rp348 Juta, untuk 125 orang namun dirinya hanya menyalurkan kepada 12 penerima sebesar Rp44 Juta. Sedangkan Rp304 juta sisanya ia tilap untuk kepentingan pribadi.“Terdakwa sangat tega sekali tidak memberikan atau menyalurkan dana bencana alam dan bencana social sejumlah Rp.304 juta yang merupakan hak dari 113 warga masyarakat yang terdampak bencana alam dan bencana sosial di Kabupaten Lebak, bahkan dana tersebut dinikmati oleh Terdakwa sendiri,” bunyi putusanPutusan tersebut merupakan hasil banding dari Jaksa Penuntut Umum (JPU) Lebak yang merasa hukuman terdakwa terlalu ringan, hanya pidana kurungan badan yang diganti oleh hakim PT, untuk hal lainnya hakim PT menguatkan putusan PN Serang.Sebelumnya di Pengadilan Negeri Serang, Endin dinyatakan bersalah melanggar Pasal 3 Undang Undang Tipikor. Ia divonis oleh hakim PN Serang selama 3 tahun Penjara dan denda Rp50 Juta subsidair 1 bulan penjara serta diharuskan membayar uang pengganti sebesar Rp304 Juta kepada terdakwa. Jika dirinya tidak bisa mengganti uang tersebut maka harta bendanya akan disita dan jika harta bendanya tidak mencukupi maka diganti oleh kurungan bui selama 6 bulan.“Menjatuhkan pidana terhadap terdakwa Endin Toharudin berupa pidana penjara selama 3 tahun dan denda Rp50 Juta subsidair 1 bulan penjara” kata Ketua Majelis Hakum Dedy Ady Saputra di Pengadilan Negeri Serang pada Selasa (26/9/2023) lalu.Endin terbukti melakukan korupsi Dana Bantuan Tidak Terencana (BTT) bagi korban bencana alam dan bencana sosial di Kabupaten Lebak pada 2021 saat menjabat sebagai Kabid di Dinsos Lebak yang merugikan negara sebesar Rp308 Juta.Vonis di PN maupun tingkat banding PT sebetulnya lebih ringan dari tuntutan JPU Lebak. JPU sebelumnya menuntut 6 tahu penjara.(Dra/red)",hukum
"Dorong Pemilu Damai, Polres Serang Gandeng Ulama","KAB. SERANG– Dalam rangka menciptakan Pemilu 2024 yang aman dan damai, Polres Serang menggandeng seluruh ulama di Kabupaten Serang. Upaya ini termasuk langkah cooling system untuk mencegah polarisasi politik dalam pemilihan umum mendatang.Ketua MUI Kabupaten Serang Tb Ahmad Khudori Yusuf mengatakan Deklarasi Damai Pemilu 2024 digelar di salah satu hotel di Kota Serang, Banten pada Sabtu (11/10/2024) bersama seluruh para ketua dan pengurus.“Seluruh ketua dan pengurus MUI Kabupaten Serang di 29 kecamatan sepakat untuk menolak politik identitas dan adanya polarisasi yang dapat memecah belah umat,” ujarnya.Kapolres Serang melalui Kasat Intelkam Polres Serang AKP Tatang menyampaikan, walaupun Kabupaten Serang tidak dikategorikan sebagai wilayah yang sangat Rawan menurut IKP Bawaslu dan IPKP Polri, namun bukan berarti pelaksanaan Pemilu 2024 di wilayah ini tidak rawan.“Ada beberapa catatan kerawanan kerawanan yang perlu diantisipasi dengan melakukan koordinasi dan sinergitas seluruh komponen salah satunya dengan Alim Ulama yang ada di Kabupaten Serang, peran ulama sangat penting dalam menciptakan Pemilu yang aman dan damai,” kata Tatang.Polres Serang sangat mengapresiasi MUI Kabupaten Serang yang telah melakukan Deklarasi Damai Pemilu 2024 dan berharap melalui ulama dapat menciptakan cooling system pada pelaksanaan Pemilu 2024.(Red)",Politik
