Judul,Tanggal,Artikel,Category
"Ilmuwan Laporkan Perubahan Iklim Ancam Kehidupan Manusia, Begini Bahayanya","Kamis, 02 Nov 2023 07:30 WIB","Para ilmuwan memperingatkan kondisi Bumi yang sedang mengalami masalah perubahan iklim dalam studi terbaru berjudul ""The 2023 state of the climate report: entering uncharted territory"" dalam BioScience pada 24 Oktober lalu. Berdasarkan 35 tanda yang digunakan untuk melacak perubahan iklim, 20 diantaranya menunjukkan rekor ekstrim. Hal tersebut meliputi pengukuran suhu rata-rata permukaan Bumi, subsidi bahan bakar fosil, permukaan es laut, dan tutupan hutan global. Sebelum tahun 2000, suhu rata-rata global diketahui tidak pernah 1,5 derajat celcius lebih tinggi dari suhu pada masa praindustri. Sedangkan pada tahun 2023, selama 38 hari saja suhu global telah melampaui ambang batas. SCROLL TO CONTINUE WITH CONTENT Sebagai contoh kondisi suhu pada bulan Juli lalu di mana menjadi bulan terpanas, mungkin kondisi tersebut baru terjadi dalam 100.000 tahun terakhir. Rekor suhu terpanas tersebut disebabkan oleh aktivitas manusia dan diperburuk oleh pola iklim berulang, yang biasa dikenal sebagai El Nino. Kondisi tersebut telah menyusutkan es laut di Antartika pada level yang mengkhawatirkan pada tahun ini. Antartika telah mengalami atau mencapai tingkat es titik terendah pada tahun 2023 ini. Tidak hanya itu, dampak perubahan iklim yang ekstrem juga menyebabkan kebakaran hutan, seperti yang terjadi di Kanada. Kebakaran tersebut telah menghanguskan lahan seluas 45 juta hektar dan menjadi pemegang rekor sebelumnya pada tahun 1989 yang membakar 19 juta hektar lahan hangus. Faktanya dampak perubahan iklim telah mempengaruhi wilayah-wilayah yang biasanya diketahui tidak rentan terhadap perubahan iklim ekstrim tersebut. Sebagai contoh adalah Tiongkok bagian timur laut yang dilanda banjir sangat parah dan menyebabkan lebih dari satu juta orang mengungsi. Kemudian, hujan deras juga terjadi di negara bagian Sikkim, India dan menyebabkan danau glasial meluap sehingga menyapu jembatan serta jalan. Selain kedua daerah tersebut, menurut laporan dari para ilmuwan menyatakan bahwa badai Mediterania yang dahsyat juga terjadi di kota Derna, Libya dan menghanyutkan seluruh lingkungan. ""Kehidupan di planet kita jelas sedang dikepung,"" kata William Ripple, ahli ekologi di Oregon State University dalam situs Oregon State University Newsroom. ""Tren statistik menunjukkan pola variabel dan bencana terkait iklim yang sangat mengkhawatirkan,"" tambahnya. Para ilmuwan berpendapat bahwa manusia mendorong sistem Bumi masuk ke dalam ketidakstabilan yang berbahaya. Mereka juga menduga atau memperkirakan bahwa pada akhir abad ini sekitar sepertiga hingga setengah populasi dunia atau sekitar tiga hingga enam miliar orang akan terpaksa keluar dari wilayah layak huni. Sebab, diperkirakan manusia akan menghadapi cuaca panas yang parah dan terbatasnya ketersediaan pangan. Menanggapi kondisi ini diharapkan para politisi atau pihak berwenang harus segera memperjuangkan kebijakan yang dapat memenuhi kebutuhan rakyatnya. ""Upaya tersebut akan memberikan kesempatan terbaik untuk bertahan dari tantangan-tantangan dalam jangka panjang,"" tulis para ilmuwan dalam studi.  ",Edu
Badan Riset dan Inovasi Nasional Didirikan oleh Siapa? Ini Pembentukan & Fungsinya,"Kamis, 02 Nov 2023 07:00 WIB","Indonesia memiliki badan atau lembaga yang berfokus pada bidang riset dan inovasi. Badan tersebut dikenal sebagai Badan Riset dan Inovasi Nasional atau disingkat BRIN. BRIN didirikan oleh Presiden Joko Widodo untuk membantu dalam menyelenggarakan tugas pemerintahan di bidang penelitian. Sehingga BRIN memiliki tugas dan fungsi yang menjadi tanggung jawabnya. Kira-kira apa saja fungsi tersebut? SCROLL TO CONTINUE WITH CONTENT Dikutip dari situs resmi BRIN, Badan Riset dan Inovasi Nasional adalah lembaga pemerintah nonkementerian yang berada di bawah dan bertanggung jawab kepada Presiden Indonesia. BRIN memiliki salah satu sasaran strategisnya untuk mencapai menjadi lembaga yang memiliki tata kelola efektif, efisien, dan akuntabel. Pembentukan BRIN ini didirikan untuk membangun pusat riset nasional yang dapat berdaya saing global dengan SDM riset unggul, sebagaimana dijelaskan dalam situs Media DPR RI. Dalam tugasnya, BRIN menjadi lembaga pemerintah yang menjalankan penelitian, pengembangan, pengkajian, dan penerapan serta invensi atau inovasi yang terintegrasi. Sehingga hal tersebut sekaligus juga menjadi tugas dari lembaga BRIN ini. Lembaga ini pertama kali dibentuk oleh Presiden Joko Widodo melalui Peraturan Presiden (Perpres) Nomor 74 Tahun 2019 pada Kementerian Riset dan Teknologi (Kemenristek). Kemudian pada 28 April 2021, BRIN mulai terpisah dari Kemenristek dan berdiri sendiri di bawah presiden. Terpisahnya BRIN dengan Kemenristek tersebut diatur melalui Peraturan Presiden Nomor 33 Tahun 2021. Oleh karena itu semenjak BRIN berdiri sendiri, maka semua badan penelitian nasional Indonesia seperti Lembaga Ilmu Pengetahuan Indonesia (LIPI), Badan Pengkajian dan Penerapan Teknologi (BPPT), Badan Tenaga Nuklir Nasional (BATAN), dan Lembaga Penerbangan dan Antariksa Nasional (LAPAN) kemudian diintegrasikan menjadi BRIN. BRIN sebagai badan riset negara memiliki 18 fungsi yang berguna bagi perkembangan penelitian di Indonesia. Berikut fungsi-fungsi dari BRIN, dikutip dari laman resminya. 1. Pelaksanaan pengarahan dan penyinergian dalam penyusunan perencanaan, program, anggaran, dan Sumber Daya Ilmu Pengetahuan dan Teknologi bidang Penelitian, Pengembangan, Pengkajian, dan Penerapan 2. Perumusan dan penetapan kebijakan di bidang standar kualitas lembaga penelitian, sumber daya manusia, sarana dan prasarana riset dan teknologi, penguatan inovasi dan riset serta pengembangan teknologi, penguasaan alih teknologi, penguatan kemampuan audit teknologi, perlindungan Hak Kekayaan Intelektual percepatan penguasaan, pemanfaatan, dan pemajuan riset dan teknologi 3. Koordinasi penyelenggaraan Sistem Nasional Ilmu Pengetahuan dan Teknologi 4. Penyusunan rencana induk ilmu pengetahuan dan teknologi 5. Fasilitasi perlindungan Kekayaan Intelektual dan pemanfaatannya sebagai hasil Invensi dan Inovasi nasional sesuai ketentuan peraturan perundang-undangan 6. Penetapan wajib serah dan wajib simpan atas seluruh data primer dan keluaran hasil penelitian, pengembangan, pengkajian, dan penerapan 7. Penetapan kualifikasi profesi peneliti, perekayasa, dan sumber daya manusia Ilmu Pengetahuan dan Teknologi 8. Fasilitasi pertukaran informasi Ilmu Pengetahuan Teknologi antar unsur Kelembagaan Pengetahuan dan Teknologi 9. Pengelolaan sistem informasi Ilmu Pengetahuan dan Teknologi nasional 10. Pembinaan penyelenggaraan Ilmu Pengetahuan dan Teknologi 11. Perizinan pelaksanaan kegiatan Penelitian, Pengembangan, Pengkajian, dan Penerapan serta Invensi dan Inovasi yang berisiko tinggi dan berbahaya dengan memperhatikan standar nasional dan ketentuan yang berlaku secara internasional 12. Pengawasan terhadap perencanaan dan pelaksanaan Penyelenggaraan Ilmu Pengetahuan dan Teknologi sesuai dengan rencana induk kemajuan Ilmu Pengetahuan dan Teknologi 13. Koordinasi dan sinkronisasi pelaksanaan kebijakan di bidang kelembagaan, sumber daya, penguatan riset dan pengembangan, serta penguatan inovasi ilmu pengetahuan dan teknologi 14. Pemberian izin tertulis kegiatan penelitian dan pengembangan oleh perguruan tinggi asing, lembaga penelitian dan pengembangan asing, badan usaha asing, dan orang asing di wilayah Negara Kesatuan Republik Indonesia 15. Pemberian izin tertulis kegiatan penelitian dan pengembangan terapan ilmu pengetahuan dan teknologi yang berisiko tinggi dan berbahaya sesuai dengan ketentuan peraturan perundang-undangan 16. Koordinasi pelaksanaan tugas, pembinaan, dan pemberian dukungan administrasi kepada seluruh unsur organisasi di lingkungan BRIN 17. Pengelolaan barang milik/kekayaan negara yang menjadi tanggung jawab BRIN 18. Pengawasan atas pelaksanaan tugas di lingkungan BRIN. Nah, demikian penjelasan seputar BRIN dari pengertian, pembentukan, dan fungsinya di Indonesia. Semoga bermanfaat! ",Edu
Apa Itu SDGs? Ini Pengertian dan 17 Tujuan Globalnya,"Kamis, 02 Nov 2023 06:30 WIB","Pernahkah detikers mendengar istilah SDGs? SDGs adalah bentuk program pembangunan yang berisfat berkelanjutan secara global. Indonesia juga menjadi salah satu negara yang berpartisipasi dalam program tersebut. Melalui program SDGs ini para negara anggota memiliki cita-cita yang hendak dicapai bersama melalui 17 tujuan utama atau target. Jika detikers ingin tahu seputar apa itu SDGs dan tujuannya, maka simak ulasan berikut sampai akhir. SDGs adalah kependekan dari Sustainable Development Goals atau disebut juga sebagai tujuan pembangunan berkelanjutan. Dilansir dari situs ITS, SDGs merupakan suatu rencana aksi global yang disepakati oleh para pemimpin dunia untuk mengakhiri permasalahan dunia, seperti kemiskinan, kesenjangan, dan lingkungan. SCROLL TO CONTINUE WITH CONTENT SDGs dicanangkan oleh negara-negara anggota PBB sebagai gerakan bersama untuk memastikan semua orang hidup lebih baik pada tahun 2030. Dilansir dari laman SDGs Bappenas, SDGs ini memiliki prinsip universal, integratif, dan inklusif untuk meyakinkan bahwa tidak ada satupun yang tertinggal atau 'No One Left Behind'. Dikutip dari Baperlitbang Banjarnegara, SDGs merupakan bentuk tindak lanjut dari kesepakatan global sebelumnya yaitu MDGs atau Millennium Development Goals. Pada bulan September tahun 2015, Perserikatan Bangsa-Bangsa (PBB) kemudian meluncurkan SDGs yang menjadi pendorong utama penyusunan agenda pembangunan pasca 2015. Peluncuran ini adalah hasil kesepakatan dokumen ""The Future We Want"" dalam UN Conference on Sustainable Development pada tahun 2012, sebagaimana dilansir dari SDGs Bappenas. Kemudian bersumber dari artikel Sustainable Development Goals oleh Nurhayati dari IAIN, SDGs ini dikenal sebagai Transforming our World: the 2030 Agenda for Sustainable Development. SDGs mencakup berbagai isu pembangunan sosial dan ekonomi, termasuk di dalamnya kemiskinan, kelaparan, kesehatan, pendidikan, perubahan iklim, air, sanitasi, energi, lingkungan, dan keadilan sosial. Dikutip dari artikel Sustainable Development Goals oleh Nurhayati dari IAIN, SDGs mempunyai 17 tujuan, dimana tujuan atau target tersebut bersifat global serta dapat diaplikasikan secara universal. Tujuan ini dipertimbangkan dengan berbagai realitas nasional, kapasitas, serta tingkat pembangunan yang berbeda dengan menghormati kebijakan nasional. Berikut ini daftar 17 tujuan dari SDGs beserta isu strategisnya, bersumber dari laman ITS, antara lain: SDGs bertujuan untuk mengakhiri kemiskinan dalam segala bentuk di setiap tempat. Isunya jumlah penduduk miskin di Indonesia masih diatas 10%, terutama di daerah khusus yaitu Indonesia timur. SDGs bertujuan untuk mengakhiri kelaparan, mencapai ketahanan pangan, perbaikan gizi, dan meningkatkan pertanian yang berkelanjutan. Isunya diketahui angka kekurangan gizi masih tinggi, produktivitas pertanian masih rendah, dan penghasilan petani masih minim. SDGs berusaha menjamin hidup yang sehat dan meningkatkan kesehatan atau kesejahteraan bagi semua pada semua usia. Isunya kini sarana dan prasarana kesehatan untuk daerah terpencil masih rendah. Pengetahuan akan kesehatan pada masyarakat juga masih minim. SDGs menjamin pendidikan yang berkualitas, inklusif, dan adil dengan meningkatkan kesempatan belajar sepanjang hayat bagi semua. Isu terkini menyatakan bahwa kualitas pendidikan beberapa negara masih rendah. Sekolah di Indonesia timur juga memiliki kualitas yang buruk dibanding wilayah lain. SDGs ingin mencapai kesetaraan gender dan memberdayakan semua wanita. Hal ini dikarenakan isu masih terdapat perbedaan perlakuan terhadap wanita dan minimnya pemanfaatan teknologi dalam pemberdayaan perempuan. SDGs menjamin ketersediaan dan pengelolaan air dasanitasi yang berkelanjutan bagi semua. Isunya bahwa ketersediaan air bersih di wilayah pedesaan sangat tergantung pada sumber air bersih alam dan belum terkelola dengan baik. SDGs bertujuan menjamin akses terhadap energi yang terjangkau, andal, berkelanjutan, dan modern bagi semua. Namun, isunya belum semua masyarakat dapat terlayani sesuai kebutuhan dan energi terbarukan masih belum banyak digunakan. SDGs berusaha untuk meningkatkan pertumbuhan ekonomi yang berkelanjutan dan inklusif dengan partisipasi penuh dalam pekerjaan yang produktif dan layak bagi semua. Hal ini disebabkan oleh isu persoalan ekonomi masyarakat kelas bawah yang berpendapatan rendah. Munculnya pula kesenjangan produktivitas ekonomi yang belum merata dan minimnya kesempatan penduduk dalam aktivitas ekonomi. SDGs akan membangun infrastruktur yang awet untuk meningkatkan industrialisasi yang inklusif dan berkelanjutan. Sebab, infrastruktur di beberapa wilayah pedesaan Indonesia masih banyak yang belum memadai, seperti jalan atau pasar. SDGs berupaya mengurangi ketidaksetaraan dalam negara secara global. Sebab, diketahui masih terdapat perbedaan antara hidup yang layak antara di kota dan desa serta perlakuan adil layanan publik yang tidak merata. SDGs akan membangun kota dan pemukiman manusia yang inklusif, aman, awet, dan berkelanjutan. Isunya masih terdapat perumahan yang tidak layak huni atau harganya yang belum terjangkau bagi keluarga tertentu. SDGs akan menjamin pola konsumsi dan produksi yang berkelanjutan. Sebab, isunya masih terjadi pemborosan sumber daya alam di Indonesia dan minimnya pemahaman siklus recycle untuk berkelanjutan. SDGs mengambil langkah-langkah tindakan untuk mengatasi perubahan iklim dan dampaknya. Isunya terjadi bencana akibat perubahan iklim, seperti banjir, longsor, gempa, dna lainnya, tetapi masyarakat belum siap mengantisipasinya. SDGs bertujuan untuk melindungi dan menggunakan laut secara berkelanjutan untuk pembangunan. Hal ini disebabkan oleh masih minimnya implementasi penangkapan ikan atau hasil laut yang belum terlindungi secara berkelanjutan. SDGs berusaha melindungi, memulihkan, dan meningkatkan penggunaan ekosistem bumi secara berkelanjutan, mengelola hutan secara berkelanjutan, menghentikan dan membalik degradasi tanah, dan kehilangan biodiversitas. Isu yang terjadi masih banyak pembalakan hutan, berkurangnya populasi hewan atau tumbuhan langka, dan belum efektifnya pengelolaan hutan yang berkelanjutan. SDGs menciptakan masyarakat yang damai dan inklusif untuk pembangunan berkelanjutan, memberi akses secara adil, membangun lembaga yang efektif. Isunya masih belum merata sistem tata kelola yang efektif, akuntabel, dan transparan. SDGs memperkuat impelementasi dan merevitalisasi kemitraan global untuk pembangunan yang berkelanjutan. Sebab, masih perlunya peningkatan kerjasama antar lembaga, pemerintah, dan masyarakat untuk mencapai tujuan pembangunan. Demikian pengertian dan 17 tujuan mengenai Sustainable Development Goals (SDGs). Semoga semakin menambah wawasan detikers! ",Edu
"Apa Itu Gaya Gesek? Pengertian, Jenis, Rumus, dan Contoh","Kamis, 02 Nov 2023 06:00 WIB","Detikers, pernahkah kamu mendorong meja dan menyebabkan dorongan pada kaki meja. Atau menggunakan rem ketika mengendarai motor ketika berada di lintasan yang menurun dan licin? Secara tidak sengaja itu merupakan gaya gesek. Gaya sendiri merupakan Interaksi dorongan atau tarikan yang dapat menyebabkan sebuah benda mengalami perubahan gerak, baik dalam bentuk arah, maupun konstruksi geometris. Berdasarkan hukum Newton, gaya dapat menyebabkan benda diam menjadi bergerak, benda bergerak menjadi diam, benda bergerak menjadi lebih cepat atau lebih lambat. SCROLL TO CONTINUE WITH CONTENT Sebuah gaya yang diberikan kepada benda akan menimbulkan aksi dan reaksi. Besaran gaya yang diberikan pada suatu benda akan menghasilkan besaran gaya yang sama besar dengan benda pertama. Ada berbagai jenis gaya, salah satunya gaya gesek. Mari ketahui lebih lanjut tentang gaya gesek pada artikel di bawah ini. Pada umumnya, setiap benda yang bergerak akan mengalami gaya gesek. Gaya gesek dapat timbul karena dua permukaan benda yang saling bersentuhan. Dari sentuhan tersebut terjadi gerak dengan dua arah yang berbeda sehingga menimbulkan suatu gesekan. Mengutip buku Mudah dan Aktif Belajar Fisika 2 karya Dudi Indrajit, Pengertian gaya gesek adalah gaya yang arahnya menentang arah gerak benda pada suatu permukaan yang saling bersentuhan. Besarnya gaya gesek ditentukan oleh kondisi permukaan benda yang saling bersentuhan. Permukaan benda ada yang licin dan ada pula yang kasar. Semakin kasar permukaan suatu benda maka semakin besar gaya gesek yang dihasilkan. Hal ini dikarenakan partikel-partikel kasar akan menjadi penghambat yang mampu meningkatkan gaya gesekan. Oleh karena itu, gaya gesek sifatnya menghambat gerak benda. Gaya gesek dapat bersifat merugikan ataupun menguntungkan. Gesekan antara dinding silinder dengan piston (torak) dapat menimbulkan keausan sehingga gaya geseknya bersifat merugikan. Sedangkan gaya gesek pada saat rem sepeda dan ban motor yang melambat dirancang secara ideal untuk memperlambat laju motor sehingga bersifat menguntungkan. Dikutip dari Modul Pembelajaran SMA Fisika Kelas X karya Herry Setyawan, gaya gesek dibedakan menjadi dua jenis, yaitu gaya gesekan statis dan gaya gesekan kinetis. Gaya gesek statis adalah gaya gesek yang bekerja pada benda yang awalnya diam hingga tepat akan bergerak. Selama gaya pendorong/penarik benda kurang dari gaya gesek statisnya, maka benda akan tetap diam dan tidak bergerak. Hal ini terjadi ketika gaya gesek statis maksimum sebanding dengan gaya normal yang bekerja pada suatu permukaan. Gesekan antara benda dan permukaan belum mampu menggerakkan benda. Perbandingan antara gaya gesek maksimum dengan gaya normalnya disebut sebagai koefisien gesek statis. fs = μs x N keterangan: fs: besar gaya gesek statis (N) μs: koefisien gesek statis (N) N: gaya normal (N) Gaya gesek kinetik adalah gaya gesek yang bekerja pada sebuah benda yang sedang bergerak, dan arahnya selalu berlawanan dengan arah gerak benda. Gerak pada kondisi ini terjadi ketika gaya dorong/ tarik yang dikenakan pada suatu benda ditambah dan melampaui koefisien gesek statis dan gaya normalnya. Sehingga nilai koefisien statis lebih dari koefisien kinetik. Pada saat benda bergerak dan mengalami gaya gesekan, benda tersebut sempat mengalami percepatan. Dengan demikian, koefisien gesek kinetik dapat diketahui dengan mengukur percepatan yang dialami oleh kedua benda. fk = μk x N keterangan: fk : besar gaya gesek kinetis (N) μk : koefisien gesek kinetis (N) N : gaya normal (N) Gaya gesek dapat ditemukan di kehidupan sehari-hari, berikut contohnya: ",Edu
"Jokowi Letakkan Batu Pertama Sekolah di IKN Nusantara, Bakal Bertaraf Internasional","Rabu, 01 Nov 2023 20:00 WIB","Presiden Joko Widodo (Jokowi) meletakkan batu pertama pembangunan sekolah di kawasan Ibu Kota Nusantara (IKN) pada Rabu (1/11/2023). Jokowi mengatakan masyarakat tidak perlu ragu untuk pindah ke IKN dengan adanya sekolah tersebut. ""Yang selalu menjadi pertanyaan, yang akan menghuni, yang akan menjadi penduduk di Kota Nusantara, yang akan menjadi warga Kota Nusantara, selalu ditanyakan kepada saya, 'Pak, saya mau pindah, Pak, saya akan pindah, tapi anak saya, sekolahnya di mana',"" kata Jokowi dalam akun YouTube Sekretariat Presiden dikutip Rabu (1/11/2023). Mantan Gubernur DKI Jakarta itu pun mengatakan sekolah ini akan bertaraf internasional karena akan dibangun oleh Jakarta International School (JIS). Karena itu menurut Jokowi pendidikan yang dihadirkan sekolah tersebut memiliki kualitas tingkat dunia. SCROLL TO CONTINUE WITH CONTENT ""Sekolahnya kualitasnya seperti apa, hari ini kita mendapatkan jawaban, sekolahnya ada, yaitu di Nusantara Intercultural School yang akan dibangun oleh JIS dari Jakarta, sudah ada jawabannya. Jadi yang mau pindah, jangan ragu-ragu lagi,"" katanya. Ia melanjutkan, ""Kehadiran JIS di IKN menunjukkan keseriusan komitmen kita untuk menyediakan berbagai fasilitas pendukung ibu kota, termasuk menghadirkan lembaga pendidikan bertaraf internasional yang berkualitas dunia."" Jokowi berharap, sekolah ini dapat menyediakan pendidikan berkelas dunia, mempromosikan pendidikan global berkelas tinggi, dan memberikan pendidikan yang bermutu bagi warga IKN. """"Saya harapkan JIS dengan reputasi dan rekam jejak yang panjang di bidang pendidikan dapat menyelenggarakan pendidikan berkelas dunia di IKN, mempromosikan pendidikan global berkelas tinggi di Nusantara dan memberikan pilihan pendidikan yang bermutu bagi warga IKN yang berasal dari berbagai daerah, berbagai negara dan berbagai latar belakang,"" harapnya. IKN Nusantara merupakan ibu kota baru Indonesia yang rencananya akan diresmikan pada 17 Agustus 2024. Melansir dari detikProperti, mulai 2024 ASN akan mulai dipindahkan ke IKN. Adapun gedung kantor kementerian di IKN rencananya akan dibangun di 4 kawasan kompleks gedung kementerian yang dibagi sesuai dengan Kementerian Koordinator yang menaunginya. Dalam masing-masing kawasan akan dibangun 4 gedung perkantoran yang berarti akan ada 16 gedung perkantoran Kementerian dan Lembaga yang akan dibangun di IKN Nusantara. Ke-16 gedung tersebut bisa menampung hingga 12.000 ASN. Nantinya, Kementerian PUPR akan jadi yang pertama pindah ke IKN Nusantara. ",Edu
Hati-hati! 5 Kebiasaan Orang Tua Ini Bisa Rusak Perkembangan Anak,"Rabu, 01 Nov 2023 19:45 WIB","Peran dan kebiasaan orang tua akan sangat mempengaruhi perkembangan anak. Setiap pola asuh yang kita ajarkan harus diperhatikan dengan penuh hati-hati. Dalam hal ini, ternyata ada beberapa kebiasaan orang tua yang mungkin tidak disadari, namun bisa berdampak buruk pada potensi anak hingga merusak perkembangannya. Lebih lanjut, simak penjelasan lengkapnya di bawah ini. SCROLL TO CONTINUE WITH CONTENT Orang tua haruslah mengajarkan sesuatu yang baik, karena setiap perbuatan dan perkataan mereka berperan dalam proses belajar dan perkembangan anak. Demikian juga yang disampaikan oleh pakar pendidikan anak usia dini dari Universitas Negeri Surabaya (UNESA), Prof Dr Rachma Hasibuan, bahwa setiap ucapan orang tua akan berdampak pada psikologis dan perkembangan karakter anak. Dikutip dari paparan Prof Dr Rachma dari laman UNESA, berikut adalah beberapa kebiasaan orang tua yang bisa merusak perkembangan anak: Menakut-nakuti anak mungkin sering kita dengar dalam kehidupan sehari hari. Namun, hal tersebut bisa menimbulkan efek ketakutan yang serius bagi anak. Pasalnya, kalimat menakut-nakuti berpotensi dalam merusak gambaran tentang realitas. Sehingga, lama-kelamaan bisa berpotensi menjadi trauma. Kebiasaan orang tua selanjutnya yaitu membanding-bandingkan sang anak dengan saudara atau anak lainnya. Saat hal ini dilakukan para orang tua, berisiko membuat kepercayaan diri anak terhadap usaha dan kemampuannya bisa berkurang atau bahkan hilang. Dibanding-bandingkan, akan menyebabkan anak merasa tertekan dan takut untuk melakukan apa pun. Pada akhirnya, hal inilah yang menjadi salah satu alasan menghambatnya perkembangan potensi anak. Saat berhadapan dengan persoalan tertentu, tak jarang orang tua melimpahkan rasa kejengkelan ke anak mereka (mengkambinghitamkan). Dalam hal ini, contohnya yaitu dengan mengucapkan kata kata seperti, ""tuh kan, gara-gara kamu; ulahmu; perbuatanmu"" dan kata-kata senada lainnya. Prof Rachma memaparkan, bahwa anak yang suka dikambinghitamkan sebagai penyebab suatu persoalan biasanya cenderung diam, bahkan tidak berani berpendapat karena takut disalahkan. Alhasil, bisa jadi ke depannya sang anak tidak berani untuk menceritakan apa pun kepada orang tuanya. Ketika orang tua membiasakan atau sering mengucapkan kalimat yang membuang nilai positif, hal itu akan membuat anak merasa bahwa hal negatif itu merupakan hal yang wajar. Sebagai contoh saat orang tua mengatakan, ""Nak, berbohong itu tidak masalah lo"". Mencela fisik atau psikis merupakan hal yang bisa menyakiti perasaan anak. Jika hal negatif seperti itu sering dilakukan, hal ini akan berdampak pada anak. Mereka akan merasa tidak percaya diri dan membenci dirinya sendiri. Terkadang, hal ini juga yang menyebabkan anak merasa cemas, sehingga bisa pada waktu yang lama bisa menyebabkan gangguan mental. Berikut adalah kebiasaan yang bisa menjadi car dilakukan orang tua dalam mendidik dan mendukung perkembangan anak. Cara menjadi orang tua yang lebih baik adalah dengan mengatakan kalimat positif dan motivasi. Hal ini akan menumbuhkan kepercayaan diri anak, dan membuat mereka semangat dan tidak takut akan kegagalan. Telah disinggung sebelumnya, bahwa perilaku orang tua akan mudah ditiru anak. Dalam tumbuh kembangnya, anak akan menyerap dan meniru hal yang ada di sekitarnya dengan cepat, termasuk kebiasaan orang tuanya. Jadi, sebagai orang tua kita perlu memberikan perilaku baik untuk dijadikan teladan bagi sang anak. Cara ini bisa dijadikan cara untuk membangun hubungan baik dengan anak. Komunikasi ringan,seperti menanyakan keseharian dan pendapat mereka akan membuat anak dan orang tua menjadi lebih dekat. Membiasakan rasa tanggung jawab pada anak bisa dilakukan dengan cara yang sederhana. Contohnya, mengajarkan cara untuk minta maaf ketika habis melakukan kesalahan. Sejumlah kebiasaan orang tua berisiko merusak perkembangan anak, terutama pada psikis mereka. Oleh sebab itu, penting bagi orang tua untuk mengetahui cara mendidik anak yang baik. ",Edu
"Pendaftaran S2 Unair 2023 Kembali Dibuka, Cek Informasi Lengkapnya","Rabu, 01 Nov 2023 19:34 WIB","Pendaftaran jenjang Magister atau S2 di Universitas Airlangga (Unair) 2023 kembali dibuka. Pendaftaran Gelombang III Semester Genap ini dibuka sampai 20 November 2023 pukul 19.00 WIB. Pendaftaran S2 Unair dibuka hingga 5 Gelombang pada masing-masing semester ganjil dan genap. Adapun peminat bisa memilih dua jalur tes, yaitu jalur tes tertulis dan non tulis. Jalur non tulis mencakup TPA dan TOEFL, Lulusan Terbaik Unair, dan Portofolio. Biaya pendaftaran Magister sebesar Rp 700 ribu dan tidak dapat ditarik kembali. Tertarik mendaftar program S2 Unair 2023? Cek informasi lengkapnya melansir dari situs resmi Unair berikut ini. SCROLL TO CONTINUE WITH CONTENT Ujian Program Pascasarjana dan Profesi diadakan secara daring. Adapun Tes Potensi Akademik (TPA) meliputi Tes Kemampuan Verbal, Tes Kemampuan Numerik dan Kemampuan Penalaran, Tes Bahasa Inggris, dan Wawancara. Kemudian untuk seleksi Jalur Non Tes Tulis hanya Tes Wawancara. Ragam Jalur Non Tulis beserta syaratnya adalah: 1. TPA dan TOEFLTPA OTO Bappenas/TPKA AAC UNAIR ≥ 450 (untuk pendaftar S2); ≥ 475 (untuk pendaftar S3) dan TOEFL/Sejenisnya ≥ 450 (untuk pendaftar S2); ≥ 475 (untuk pendaftar S3). 2. Lulusan Terbaik Universitas AirlanggaMempunyai IPK ≥ 3,51 (untuk pendaftar S2); ≥ 3,76 (untuk pendaftar S3) lulusan 3 tahun terakhir 3. Portofolio-Pimpinan dalam perusahaan/ instansi (Kepala Bagian, Kepala Cabang, Manajer, Direktur, Komisaris, Wakil Dekan, Dekan, Rektor) dan linier dengan program studi yang dipilih-Mempunyai penghargaan atas kontribusinya pada pembangunan/ pemberdayaan masyarakat-Praktisi/Staf Ahli/ Konsultan dimana kepakarannya sesuai dengan program studi yang dipilih-Mempunyai karya tulis ilmiah yang diterbitkan dalam Jurnal nasional minimal terakreditasi Sinta 3 atau diterbitkan pada Jurnal Internasional bereputasi dalam 3 tahun terakhir Pendaftaran: 26 Oktober - 20 November 2023Perbaikan Dokumen Pendaftaran: 26 Oktober - 21 November 2023Verifikasi Dokumen Pendaftaran: 26 Oktober - 21 November 2023Pembayaran Biaya Seleksi: 26 Oktober - 21 November 2023Ujian TPA, Bahasa Inggris dan Wawancara: 25 November 2023Pengumuman Hasil Seleksi: 29 November 2023 Informasi lebih lengkap mengenai Pendaftaran S2 Unair Gelombang III Tahun 2023 dapat kamu cek melalui https://ppmb.unair.ac.id/. Jangan sampai terlewat, ya! ",Edu
"Identitas Buku: Pengertian, Unsur, Fungsi, dan Contohnya","Rabu, 01 Nov 2023 18:45 WIB","Ketika meresensi buku atau mengulas buku terdapat beberapa hal yang harus dituliskan, termasuk identitas buku yang terletak pada bagian pendahuluan resensi. Dalam artikel ini, kita akan membahas mulai dari pengertian, unsur, fungsi dan contoh identitas buku. Untuk itu, simak artikel di bawah ini agar lebih paham. Identitas buku merupakan data-data atau informasi gambaran buku secara khusus. Identitas buku mencakup judul buku, nama penulis, tahun terbit dan cetak, ketebalan buku, nomor edisi buku, penerbit, hingga ukuran buku. SCROLL TO CONTINUE WITH CONTENT Informasi identitas buku ini biasanya terdapat pada halaman hak cipta buku, di sampul buku, dan di katalog pustaka. Informasi identitas buku sangat penting untuk pembaca atau pustakawan untuk mengidentifikasi dan menggunakan buku secara efisien. Dikutip dari buku Menilai Karya Melalui Resensi oleh Diah Safitri, identitas buku memiliki beberapa fungsi dan tujuan, yaitu: Unsur-unsur yang biasanya terdapat dalam identitas buku yaitu sebagai berikut. Judul buku adalah elemen utama yang mencerminkan esensi buku. Dalam identitas buku, judul ini menjadi fokus utama yang memberikan gambaran tentang isi buku. Judul yang menarik dapat memikat pembaca potensial. Nama penulis atau pengarang buku adalah bagian penting dalam identitas. Ini membantu pembaca mengidentifikasi siapa yang menciptakan karya tersebut dan memungkinkan pembaca untuk mencari karya-karya lain dari penulis yang sama. Nama penerbit buku adalah informasi tentang siapa yang menerbitkan dan mendistribusikan buku. Ini juga bisa menjadi faktor pertimbangan bagi pembaca yang mencari buku dari penerbit tertentu. Tahun terbit memberikan indikasi kapan buku tersebut pertama kali diterbitkan dan apakah buku tersebut adalah edisi terbaru atau edisi lama. Pembaca seringkali ingin memperoleh informasi yang paling mutakhir, terutama dalam konteks buku referensi dan ilmiah. Ketebalan buku, atau jumlah halaman, memberikan pandangan tentang seberapa panjang atau pendek isi buku. Ini membantu pembaca memperkirakan seberapa tebal buku itu dan juga bisa mempengaruhi harga. Hal ini membantu pembaca memutuskan apakah buku tersebut sesuai dengan kebutuhan dan waktu yang tersedia. Ukuran buku mencerminkan dimensi fisik buku, seperti ukuran A4, A5, atau lainnya. Ini mempengaruhi tata letak, tampilan buku, dan kenyamanan membaca dan menggunakan buku tersebut. Nomor ISBN adalah 13 digit angka kode unik yang terintegrasi dengan komputer yang digunakan secara global untuk mengidentifikasi buku. Setiap buku memiliki ISBN yang berbeda dan digunakan untuk melacak informasi buku. Judul buku: Laskar PelangiPenulis: Andrea HirataTahun terbit: 2005Penerbit: Bentang PustakaJumlah halaman: 529 hlmUkuran buku: 13 cm x 20,5 cmISBN: 970-3062-79-7 Nah, itulah penjelasan mengenai identitas buku, mulai dari pengertian, unsur, fungsi, dan contoh yang berhasil kami rangkum melalui berbagai sumber. Semoga bermanfaat! ",Edu
Pengertian Genosida yang Jadi Alasan Petinggi PBB Mundur dari Jabatannya,"Rabu, 01 Nov 2023 18:30 WIB","Craig Mokhiber mengundurkan diri dari jabatannya sebagai Direktur Kantor Komisaris Tinggi PBB untuk Hak Asasi Manusia di New York, Amerika Serikat. Pada surat pengunduran dirinya yang dilihat detikEdu dalam DailyMail pada Rabu (1/11/2023), ia memprotes bahwa PBB gagal dalam mencegah apa yang dikategorikan sebagai genosida di Gaza, Palestina oleh Israel. Kedua negara ini diketahui memiliki sejarah perseteruan yang panjang. Melansir dari detikNews, konflik bermula dari warga Arab Yahudi yang menempati wilayah Palestina. Meski sudah ditetapkan berdasarkan hasil keputusan PBB, warga Arab Yahudi masih tidak terima. Konflik memuncak saat pendeklarasian negara Israel pada 15 Mei 1948. Warga Palestina menolak dan pecahlah perang bernama Al-Nakhba atau yang diartikan sebagai malapetaka. SCROLL TO CONTINUE WITH CONTENT Perseteruan ini terus berlanjut yang menewaskan ribuan warga sipil. Baru-baru ini, konflik kembali memuncak saat Hamas, kelompok pejuang kemerdekaan Palestina, menyerang Israel pada 7 Oktober lalu. Israel membalasnya dengan serangan hingga saat ini. Menurut data AP News pada Senin (30/10/2023), angka kematian mencapai lebih dari 8.000 orang. Ledakan bom yang dikirimkan Israel merusak pemukiman, sekolah, hingga rumah sakit, termasuk Rumah Sakit Indonesia. Atas peristiwa ini, Mokhiber kembali menegaskan alasan pengunduran dirinya. Ia menyatakan jika konflik saat ini sudah termasuk sebagai text book genocide atau genosida yang didefinisikan sebagaimana di dalam buku. ""Sekali lagi kita melihat genosida terjadi di depan mata kita dan organisasi yang kita layani tampaknya tidak berdaya untuk menghentikannya,"" tulis Mokhiber. Pengacara HAM itu juga menyinggung genosida yang sebelumnya terjadi pada Tutsi di Rwanda, Muslim di Bosnia, Yazidi di Kurdistan Irak dan Rohingya di Myanmar. Menurutnya, PBB gagal 'lagi' dalam mencegah peristiwa serupa terjadi. ""Pembantaian besar-besaran terhadap rakyat Palestina saat ini, yang berakar pada ideologi pemukim kolonial etno-nasionalis, merupakan kelanjutan dari penganiayaan dan pembersihan sistematis yang telah berlangsung selama beberapa dekade,"" tulisnya. Ia pun menuding Amerika, Inggris, dan sebagian besar negara Eropa karena menolak untuk memenuhi kewajiban perjanjian mereka berdasarkan Konvensi Jenewa. Melansir dari laman resmi PBB, Konvensi Jenewa merupakan perjanjian yang mengatur tentang perlindungan terhadap korban dari konflik bersenjata. Menurut situs Museum Memorial Holocaust Amerika Serikat, genosida adalah tindakan yang dilakukan untuk menghancurkan, seluruhnya atau sebagian, suatu kelompok bangsa, etnis, ras atau agama. Genosida merupakan penghabisan orang-orang dalam suatu kelompok tertentu. Genosida berasal dari bahasa Yunani dan Latin. Geno-, dari bahasa Yunani yang berarti ras atau suku, dengan kata -cide (sida), berasal dari bahasa Latin yang berarti pembantaian. Tindakan genosida dapat meliputi: Ada tiga kasus yang tercatat oleh ketentuan konvensi PBB tahun 1948 sebagai kejahatan genosida. Melansir dari BBC, ketiga peristiwa tersebut adalah sebagai berikut. ",Edu
BRI Kembali Buka BFLP General dan IT buat Lulusan S1 dan S2,"Rabu, 01 Nov 2023 17:56 WIB","Sumber Daya Manusia (SDM) yang unggul menjadi salah satu fokus PT Bank Rakyat Indonesia (Persero) Tbk atau BRI untuk menciptakan pertumbuhan yang berkelanjutan. Wujud pengembangan talenta ini salah satunya terlihat dari upaya perseroan menjaring SDM unggul di Indonesia melalui program BRILiaN Future Leader Program (BFLP). Terkait hal tersebut, Direktur Human Capital BRI Agus Winardono mengungkapkan bahwa program Management Trainee kembali dibuka guna menjaring dan mempersiapkan talenta-talenta terbaik bangsa untuk berkarya dan memberi makna Indonesia bersama BRI Group. ""BRI akan menyeleksi pelamar maupun kandidat berkualitas untuk berkarya dan mengembangkan potensi terbaik di BRI Group. Para calon terpilih berkesempatan untuk terus bertumbuh dan belajar demi memberikan kontribusi terbaik untuk memberi makna Indonesia,"" katanya, dikutip Rabu (1/11/2023). SCROLL TO CONTINUE WITH CONTENT Rangkaian program rekrutmen BFLP BRI Group dimulai dengan dilakukannya BRI Campus Roadshow di 4 kota besar (Yogyakarta, Surabaya, Malang, dan Bandung) bekerja sama dengan 4 Perguruan Tinggi di Indonesia, yaitu Universitas Gadjah Mada, Institut Teknologi Sepuluh Nopember, Universitas Brawijaya, dan Universitas Padjadjaran. Kegiatan BRI Campus Roadshow tersebut diisi dengan knowledge sharing dari para narasumber berpengalaman di BRI yang juga merupakan alumni dari masing-masing Perguruan Tinggi. Selain itu, dalam kegiatan tersebut juga diselenggarakan Campus Hiring BFLP secara langsung. Pendaftaran BFLP BRI Group Batch 10 dibuka hingga 14 November 2023 untuk posisi BFLP General dan BFLP IT. Kualifikasi umum yang harus dipenuhi dalam lowongan kerja BRI ini, yakni, lulusan S1 dengan batas usia 25 tahun dan lulusan S2 dengan batas usia 27 tahun. Kandidat BFLP General merupakan lulusan dari program studi Ekonomi, Aktuaria, Hukum, Psikologi, Teknik, Teknologi Pertanian, Pertanian, Perikanan, Agribisnis, Peternakan, Kehutanan, Hubungan Internasional, Ilmu Komunikasi, Administrasi Fiskal, Administrasi Niaga, Administrasi Negara, Administrasi Bisnis, Administrasi Publik, Matematika, Statistika, dan Fisika. Sementara itu, kandidat BFLP IT merupakan lulusan dari program studi Teknik, Sistem Informasi, Ilmu Komputer, Matematika, & Statistika. BRI berhak menetapkan dan memutuskan kandidat-kandidat yang memenuhi kualifikasi pada setiap tahapan seleksi. Hanya kandidat dengan kualifikasi terbaik yang akan dipanggil untuk mengikuti tahapan seleksi. Keputusan tersebut bersifat mutlak serta tidak dapat diganggu gugat. BRI juga mengingatkan kepada masyarakat dan para pelamar pekerjaan agar berhati-hati dan waspada terhadap berbagai bentuk penipuan. Agus menekankan bahwa program rekrutmen yang dilakukan BRI tidak memungut biaya mulai dari awal hingga akhir program alias gratis. Informasi selengkapnya dapat diakses di https://e-recruitment.bri.co.id, instagram @lifeatBRI, dan LinkedIn PT Bank Rakyat Indonesia (Persero), Tbk. Komitmen BRI dalam mengembangkan SDM melalui beragam inisiatif ini pun telah diakui oleh berbagai pihak. Terbaru, bank dengan jaringan terluas di Indonesia ini meraih penghargaan Best Company to Work for in Asia 2022. Penghargaan ini menjadi kali kedua bagi Perseroan mendapatkan apresiasi terhadap komitmennya dalam mengembangkan para karyawannya. Selain itu, BRI juga mendapatkan predikat sebagai Most Caring Companies dalam ajang WE CARE. ""Kami terus menempuh strategi untuk mencapai aspirasi BRI sebagai The Most Valuable Banking Group in Southeast Asia & Champion of Financial Inclusion di mana salah satu enabler-nya adalah Home to The Best Talent,"" pungkasnya. ",Edu
"Gelombang Panas di Laut, Miliaran Kepiting Salju di Pantai Alaska Hilang","Rabu, 01 Nov 2023 17:56 WIB","Populasi kepiting salju di Pantai Alaska diketahui menurun hingga 10 miliar. Penyebabnya adalah suhu air laut yang meningkat akibat serangan gelombang panas. Kepiting salju (Chionoecetes opilio) merupakan spesies perairan dingin yang banyak ditemukan di daerah dengan suhu air di bawah 2°C dan sedikit populasi bisa hidup sampai di suhu 12°C. Di perairan dingin Laut Bering, dekat Alaska, kepiting salju biasanya hidup dengan suhu di dasar laut di bawah 1,6 °C. Sebelumnya, peneliti menemukan bahwa populasi kepiting salju yang pernah dilepas di perairan Alaska pada tahun 2018 hingga 2021, mengalami penurunan signifikan. Total sekitar 10 miliar kepiting salju atau sekitar 90 persen populasi diperkirakan telah lenyap. SCROLL TO CONTINUE WITH CONTENT Fenomena yang belum pernah terjadi sebelumnya mengakibatkan gagal panen yang serius terhadap kepiting salju pada tahun 2022 dan 2023. Melansir laman Smithsonian Magazine, sebuah penelitian mengungkapkan bahwa salah satu faktor utama penyebab penurunan populasi kepiting salju di Laut Bering adalah karena gelombang panas laut yang terjadi pada tahun 2018 dan 2019. Air laut yang lebih hangat kemungkinan besar akan merusak metabolisme kepiting dan meningkatkan kebutuhan kalori mereka. Gelombang panas ini juga akan memengaruhi populasi kepiting salju yang harus mencari lebih banyak makanan untuk bertahan hidup dengan meningkatnya suhu air. ""Dari tahun 2017 hingga 2018, kalori yang mereka butuhkan meningkat empat kali lipat,"" kata Cody Szuwalski, rekan penulis studi dan ahli biologi di National Oceanic and Atmospheric Administration (NOAA). ""Kami mungkin tidak akan melihat banyak dari mereka lagi di dekat Alaska,"" tambahnya. Pakar mengatakan bahwa selama periode gelombang panas, kepiting salju harus bersaing dengan populasi kepiting lainnya yang lebih besar pada tahun 2018 untuk mendapatkan makanan. Karena ketersediaan makanan yang terbatas, banyak kepiting salju mengalami kelaparan dan kematian. Sementara kepiting salju yang selamat juga terlihat memiliki ukuran tubuh yang lebih kecil. Faktanya, gelombang panas ini tidak hanya memengaruhi kepiting salju, tetapi juga mengganggu ekosistem laut secara keseluruhan. Spesies lain, seperti ikan cod Pasifik, memanfaatkan suhu air yang lebih hangat untuk memasuki habitat kepiting dan memakan kepiting ini. Selain kepiting, populasi ikan salmon, burung laut, dan anjing laut juga terpengaruh. Penulis studi dan ahli biologi penelitian perikanan di Alaska Fisheries Science Center NOAA, Kerim Aydin, mengatakan gelombang panas yang datang bisa menciptakan kelaparan dalam jumlah besar. ""Spesies lain mungkin telah pindah untuk memanfaatkannya, dan kemudian ketika gelombang panas berlalu, segalanya mungkin akan kembali normal-meskipun kepiting masih harus menempuh jalan panjang untuk melewatinya bahkan dalam waktu normal,"" ungkapnya dikutip dari CNN. Beberapa spesies, seperti ikan musang dan pollock walleye, mampu beradaptasi lebih cepat dengan suhu air yang lebih hangat. Namun, peneliti juga mengatakan bahwa ini juga akan menjadi fenomena baru di mana keseluruhan spesies yang hidup di Laut Bering kemungkinan akan terlihat sangat berbeda dibandingkan saat ini. Dikutip dari The Guardian, kepiting salju selama ini telah memainkan peran penting dalam industri perikanan komersial di alaskan Alaska yang bernilai lebih dari $150 juta atau berkisar Rp 2 triliun lebih. Namun, karena populasi kepiting salju menurun, penghasilan dari bisnis ini juga menurun, dan orang-orang yang mencari nafkah dari menangkap kepiting salju mengalami kesulitan finansial. ""Tampaknya (ini) merupakan salah satu kerugian terbesar yang dilaporkan dari makrofauna laut yang bergerak akibat gelombang panas laut secara global,"" kata tim peneliti dari NOAA. Ke depannya, studi akan melaporkan lebih banyak analisa di mana ilmuwan perikanan harus mempertimbangkan efek pemanasan global ketika mereka membuat rencana konservasi. Selain itu, pengetahuan akan model dan sistem manajemen saat ini juga akan dilihat dari pengaruh perubahan iklim yang cepat. ",Edu
"Beasiswa Sekolah SMA Unggulan CT ARSA Foundation Sukoharjo Dibuka, Ayo Daftar!","Rabu, 01 Nov 2023 17:30 WIB","SMA Unggulan CT ARSA Foundation Sukoharjo, Jawa Tengah membuka pendaftaran beasiswa sekolah penuh sampai 7 Januari 2024. Siswa penerima beasiswa ini akan mendapat pembebasan biaya penuh alias sekolah gratis dan tinggal di asrama. Beasiswa penuh di SMA Unggulan CT ARSA Foundation Sukoharjo diperuntukkan bagi siswa Islam yang berprestasi akademik dan nonakademik dari keluarga kurang mampu dari Jawa Tengah, Yogyakarta, dan Jawa Timur (eks Karesidenan Madiun, Bojonegoro, Tuban, dan Lamongan). SMA Unggulan CT ARSA Foundation Sukoharjo tercatat meraih peringkat terbaik ke-4 di Provinsi Jawa Tengah pada 2022 dalam Top 1000 Sekolah Berdasarkan Nilai UTBK yang disusun Lembaga Tes Masuk Perguruan Tinggi (LTMPT). SMA terakreditasi A yang didirikan pada 2018 ini merupakan sekolah yang memberikan beasiswa penuh kepada seluruh siswanya untuk memutus mata rantai kemiskinan melalui pendidikan berkualitas. SCROLL TO CONTINUE WITH CONTENT Siswa penerima beasiswa penuh SMA CT ARSA Foundation Sukoharjo akan mendapatkan pendampingan intensif agar mampu diterima di perguruan tinggi terbaik dengan beasiswa. Sebanyak 93% alumni dari SMA Unggulan CT ARSA Foundation Sukoharjo tercatat berhasil melanjutkan pendidikan tinggi di perguruan-perguruan tinggi terbaik di Indonesia maupun dunia. Hampir seluruh alumni sekolah ini tercatat lanjut kuliah dengan beasiswa. Pendaftaran beasiswa SMA CT ARSA Foundation Sukoharjo dibuka di laman https://ppdb.smauctarsaskh.sch.id. Cek informasi lebih lanjut di akun Instagram resmi SMA Unggulan CT ARSA Foundation di @smau.ctarsafsukoharjo. Semoga berhasil, detikers! ",Edu
"4 Aplikasi yang Bisa Bantu UTS Kamu, Siswa-Mahasiswa Wajib Cek!","Rabu, 01 Nov 2023 17:00 WIB","Memasuki masa ujian, siswa dan mahasiswa bisa lho memanfaatkan aplikasi yang bisa bantu belajar. Apa saja? Di era digital ini, ada banyak aplikasi yang siap membantu kamu dalam belajar. Baik belajar untuk ujian harian, Ujian Tengah Semester (UTS), atau Ujian Akhir Semester (UAS), aplikasi ini bisa kamu akses di mana saja dan gratis. Apa saja aplikasi yang bisa bantu belajar siswa hingga mahasiswa? Simak daftarnya berikut ini dilansir dari unggahan Instagram @ditjen.dikti. SCROLL TO CONTINUE WITH CONTENT Google Calendar adalah salah satu aplikasi yang dikembangkan oleh Google. Selain memasukkan jadwal acara, kamu juga bisa menyusun jadwal ujian supaya tenggat pengumpulannya tidak terlewati. Notion dirilis sejak tahun 2018 oleh Notion Labs, Inc. Aplikasi ini bisa kau manfaatkan untuk membuat catatan secara rapi dan teratur, sehingga akan memudahkan mencari materi saat menjelang ujian. Google Cendekia merupakan mesin pencarian berbagai literatur ilmiah. Fitur Google ini bisa kamu gunakan untuk mencari berbagai sumber dalam mengerjakan ujian. Terakhir, kamu bisa mengakses aplikasi berlogo hijau ini. Grammarly dapat mendeteksi kesalahan kosakata dan struktur kalimat dalam tugas atau ujian yang menggunakan bahasa Inggris. Selain aplikasi di atas, Ditjen Dikti juga membagikan tips untuk belajar UTS. Simak Yuk! Ada empat gaya belajar yang bisa kamu tekuni. Gaya belajar ini dibedakan atas visual, auditory, read/write, dan kinestetik. -Visual: Belajar lebih mudah dengan memahami gambar, diagram/grafik mindmap, dan objek visual lainnya-Auditory: Mudah memahami materi pembelajaran melalui metode lisan, berdiskusi, dan mendengarkan audiobook atau podcast-Read/Write: Gaya belajar terasa lebih efektif dengan mencatat dan menyusun poin pembelajaran secara terstruktur supaya mudah dibaca-Kinestetik: Mudah memahami materi dan teori pembelajaran dengan mempraktikkannya secara langsung Apakah kamu sudah belajar keras atau belajar cerdas? Belajar keras seperti belajar tanpa henti dari pagi sampai subuh, menghafal seluruh rumus dalam satu malam, atau mengorbankan waktu untuk istirahat untuk belajar. Kamu bisa belajar sambil mengimbangi waktu istirahat. Cara-cara belajar cerdas adalah: -Belajar dengan teknik mencicil materi setiap harinya menjelang ujian-Memahami konsep dari suatu rumus supaya tidak hanya sekadar ingat-Berusaha menyeimbangkan waktu belajar dan istirahat untuk kesehatan mental serta kinerja akademis yang baik Untuk manajemen waktu dan menjaga fokus, kamu bisa menggunakan Teknik Pomodoro. Metode ini akan membantu menyeimbangkan waktu belajar dan istirahat supaya tidak mudah stres menjelang ujian. Suasana belajar yang nyaman akan meningkatkan fokus dan menyerap materi lebih cepat. Selain itu, kamu juga dapat membuat kelompok belajar untuk menciptakan metode belajar yang lebih variatif. Selamat menghadapi ujian, detikers! ",Edu
"Respirasi Aerob: Pengertian, Tahapan, Ciri, dan Fungsi","Rabu, 01 Nov 2023 16:45 WIB","Semua makhluk memerlukan respirasi untuk mendapatkan energi yang diperlukan dalam aktivitas sehari-hari. Energi ini dihasilkan melalui oksidasi zat makanan yang berfungsi sebagai sumber energi. Proses oksidasi ini terjadi di setiap sel hidup dan disebut sebagai respirasi sel. Terdapat juga jenis respirasi yaitu respirasi aerob dan respirasi anaerob. Untuk mengetahui mengenai respirasi aerob lebih mendalam, yuk simak penjelasan berikut ini! SCROLL TO CONTINUE WITH CONTENT Dikutip dari buku Biologi SMA untuk Kelas XII, pernapasan atau respirasi aerob adalah proses pembebasan energi kimiawi yang terkandung dalam molekul organik dalam sel hidup menjadi energi yang dapat digunakan untuk bermacam aktivitas tubuh. Menurut buku Biologi Jilid 3, respirasi aerob merupakan peristiwa pembakaran zat yang melibatkan oksigen dari pernapasan. Bahan bakar utama dari respirasi aerob adalah glukosa (karbohidrat). Respirasi aerob umumnya terjadi pada tumbuhan tingkat tinggi. Persamaan kimia respirasi aerob dapat dituliskan sebagai berikut: C₆H₁₂O₆ (Glukosa) + 6O₂ (Oksigen) → 6CO₂ (Karbondioksida) + 6H₂O (Air) + 38 ATP (Energi) Proses atau tahapan respirasi aerob secara garis besar dibedakan menjadi tiga tahapan utama dan satu tahap transisi. Glikolisis merupakan peristiwa pemecahan 1 molekul glukosa (terdiri dari 6 atom karbon) atau monosakarida yang lain menjadi 2 molekul asam piruvat (terdiri dari 3 atom karbon) yang berlangsung di sitosol sitoplasma. Pada proses pemecahan tersebut akan dihasilkan hasil samping berupa 2 molekul NADH (Nicotinamide Adenine Dinucleotide H), dan 2 molekul ATP. Tahapan memecah molekul glukosa menjadi asam piruvat melalui tahapan terbentuk senyawa antara berupa PGAL (Phosphogliseraldehid). Tahap glikolisis ini dapat berlangsung tanpa oksigen, sehingga glikolisis juga dapat digolongkan sebagai tahap anaerobik, tetapi hasilnya akan diarahkan ke tahap aerobik jika oksigen tersedia. Dekarboksilasi oksidatif merupakan peristiwa pelepasan gugus karboksil dari asam piruvat (3 atom karbon) dan penambahan molekul KoA sehingga menghasilkan Asetil KoA (2 karbon) dalam membran krista mitokondria. Hasil akhir dari proses dekarboksilasi oksidatif menghasilkan 2 asetil-KoA, 2 CO2 dan 2 molekul NADH. Pembentukan asetil-KoA memerlukan kehadiran vitamin B1. Reaksi dekarboksilasi oksidatif dikatalisis oleh enzim piruvat dehidrogenase. Proses selanjutnya, siklus Krebs, adalah daur asetil-KoA menjadi beberapa bentuk sehingga dihasilkan banyak akseptor elektron. Proses ini terjadi di mitokondria sel dan melibatkan oksidasi molekul asam piruvat menjadi CO2. Selama siklus Krebs, 6 NADH dan FADH2 dihasilkan, yang kemudian akan digunakan dalam rantai transpor elektron untuk menghasilkan lebih banyak ATP. Siklus ini juga menghasilkan 2 ATP langsung dan berperan dalam menghasilkan 4 CO2 sebagai produk sampingan. Proses ini disebut daur atau siklus Krebs sesuai dengan orang yang pertama kali mengamati dan menjelaskan fenomena ini pada tahun 1930 yaitu Hans Krebs, seorang ahli biokimia Jerman. Transfer elektron adalah proses dalam respirasi aerob dimana elektron berpindah dari molekul-molekul seperti NADH dan FADH2 melalui serangkaian kompleks protein dalam krista mitokondria. Selama proses ini, energi dari elektron digunakan untuk memompa proton melintasi membran mitokondria, menciptakan gradien elektrokimia. Transpor elektron akan membentuk H20. Gradien ini memicu sintesis ATP melalui enzim ATP sintase, menghasilkan energi kimia yang digunakan oleh sel untuk berbagai fungsi. Reaksi ini menghasilkan 38 ATP. Akan tetapi, saat memasuki mitokondria akan dibutuhkan 2 ATP hingga hasil akhirnya adalah 36 ATP.Ini adalah tahap akhir dalam produksi ATP dalam respirasi aerob. Berikut adalah ciri-ciri dari proses respirasi aerob, yaitu: Dilansir dari laman Sciencing, fungsi dari respirasi aerob adalah untuk menyediakan energi dalam bentuk ATP pada sel-sel sehingga dapat menyediakan bahan bakar bagi perbaikan, pertumbuhan, dan pemeliharaan sel dan jaringan. Menurut e-Modul Biologi Kemendikbud, respirasi aerob memiliki tiga fungsi yaitu menghasilkan NADH, FADH, ATP, serta membentuk kembali oksaloasetat yang berfungsi untuk siklus Krebs selanjutnya. Demikian penjelasan mengenai respirasi aerob. Respirasi aerob merupakan proses pemecahan senyawa kompleks menjadi senyawa sederhana yang menghasilkan energi dengan menggunakan oksigen sebagai akseptor elektron. Semoga membantu, detikers! ",Edu
Bencana Kelaparan di Yahukimo: Sebab dan Penanggulangan,"Rabu, 01 Nov 2023 16:30 WIB","24 Orang meninggal dunia akibat bencana gagal panen dan kekeringan di Distik Amuma, Kabupaten Yahukimo, Papua Pegunungan. Menteri Koordinator Bidang Pembangunan Manusia dan Kebudayaan (Menko PMK) Muhadjir Effendy mengatakan, sementara kelaparan tertangani di tingkat kabupaten, pemerintah masih akan mencari penyelesaian permanen atas bencana tersebut. ""Sekarang ini akan kita cari penyelesaian permanen bagaimana supaya itu tidak terjadi berulang di wilayah-wilayah itu. Karena itu kan selalu terjadi tiap tahun, pindah-pindah saja, tapi kasusnya sama,"" kata Muhadjir pada wartawan, dikutip dari detiknews. Menurut Muhadjir, embun salju salah satunya kerap berdampak buruk pada hasil pertanian setempat. Akibatnya, warga Yahukimo kehilangan sumber makanan, terutama yang mengandalkan bahan pangan pokok umbi-umbian. SCROLL TO CONTINUE WITH CONTENT ""Kan di Pegunungan Tengah dan Pegunungan Puncak itu ada yang di atas ketinggian sampai 4.000 meter di atas permukaan laut, udaranya sangat tipis, kemudian juga akibat pemanasan global ini, salju yang di atas Gunung Jayawijaya itu kan sering meleleh,"" ucapnya. Di sisi lain, sambung Muhadjir, sagu tidak bisa tumbuh di wilayah setempat yang kering dan dingin. ""Sementara kalau kita mau introduksi tanaman lain, misalnya padi dan sebagainya, harus kita cek cuacanya, mungkin tidak di sana untuk ditanam padi. Kemudian kalau sagu di tempat itu tidak bisa tumbuh sagu itu karena daerah kering, kering tapi dingin,"" katanya. Kepala Badan Nasional Penanggulangan Baencana (BNPB) Letjen TNI Suharyanto menyatakan, bencana di Kabupaten Yahukimo tidak hanya soal kelaparan imbas gagal panen, tetapi juga bencana longsor. ""Ada juga bencana longsor selain gagal panen, akibat bencana longsor 70 rumah masyarakat rusak ringan dan 30 lebih rumah rusak berat. Seperti di daerah lain yang rumah rusak ringan akan dapat bantuan per rumah Rp 15 juta dan rusak berat akan dapat pergantian Rp 60 juta, data rumah rusak ini sifatnya masih belum pasti dan akan diverifikasi terus,"" kata Suharyanto, dikutip dari laman BNPB. Plt Deputi Bidang Koordinasi Pemerataan Pembangunan Wilayah dan Penanggulangan Bencana Kemenko PMK Sorni Paskah Daeli mengatakan, masalah utama warga Papua Pegunungan, khususnya Yahukimo, yakni fenomena cuaca ekstrem akibat curah hujan tinggi diselingi cuaca panas. Akibatnya, ubi dan keladi sulit berbuah dan perkebunan warga gagal panen. Lebih lanjut, warga yang tidak ada bahan makanan mengalami kesulitan untuk menjangkau lokasi pangan di distrik lain karena jarak tempuh perjalanan yang jauh. Masalah konektivitas antardistrik ini menurutnya tengah direspons jangka pendek dengan rencana pembangunan gudang logistik di sekitar lokasi yang kerap mengalami bencana kelaparan. Konektivitas jalan darat dan menambah runway di Amuma menurut Sorni juga menjadi jalan agar pesawat besar bisa mendarat dan membawa bahan logistik lebih banyak dari wilayah Wamena dan Mimika. Sedangkan rencana antisipasi bencana kelaparan jangka panjang yakni dengan menemukan umbi-umbian varietas unggul dan transfer teknologi pertanian. Muhadjir mengatakan, dirinya sudah bertemu dengan Menteri Pertanian Andi Amran Sulaiman dan Rektor IPB University Arif Satria untuk bekerja sama bidang pembangunan desa dan wilayah di Papua dengan Kementerian Sosial (Kemensos). Dalam penjajakan kerja sama tersebut, Muhadjir mengatakan dirinya mengusulkan penyelesaian segera berbentuk transfer teknologi tepat guna di sektor pertanian dan pengenalan varietas unggul yang tahan cuaca untuk wilayah tersebut. Harapannya, masalah tanaman yang tidak bisa produktif akibat perubahan cuaca ekstrem bisa ditangani. ""Saya usulkan nanti segera ada penyelesaian berupa transfer teknologi tepat guna, sektor pertanian dan pengenalan varietas unggul yang tahan cuaca di wilayah-wilayah yang selama ini tanamannya tidak bisa produktif karena akibat perubahan cuaca yang sangat ekstrem di tempat itu,"" ucapnya. Dikutip dari laman Kemenko PMK, Kementerian Sosial melakukan pendistribusian bahan logistik 11,5 ton pangan dan sandang ke Distrik Amuma pada 20 Oktober 2023 dan 7,9 ton hingga 26 Oktober 2023. Suharyanto mengatakan, merespons status Tanggap Darurat Bencana pada 21 Oktober-1 November 2023, BNPB per 26 Oktober telah menyiapkan beras 20 ton, makanan siap saji 10.000 paket, biskuit protein 10.000 bungkus, tenda pengungsi 5 unit, sembako 1.500 paket, hygiene kits 1.500 paket, solar panel 50 unit, dan anggaran operasional Rp 1 miliar. Untuk mengirimkan makana, Suharyanto mengatakan BNPB menggukana 1 unit pesawat Cessna Grand Caravan berkapasitas hampir 1,5 ton per satu kali penerbangan. Harapannya, distribusi bantuan ke titik terdampak lebih lancar. ""Kemudian kita siapkan 1 pesawat untuk mengangkutnya, karena medan sangat berat dan dari satu titik ke titik lain hanya bisa menggunakan jalur udara atau pesawat,"" terangnya. ",Edu
