ulasan;label
Tempat wisata bagus di Jawa Timur.  Banyak spot foto selfie dan lebih bagus datang di malam hari. Lampu lampunya bagus kelap-kelip. ;positif
"Wisata malam yang menyediakan banyak permainan modern
Bisa untuk anak kecil sampai orang dewasa
Tentunya aman karna dilengkapi pengamanan yang lengkap";positif
Salah satu tempat wisata malam yang bisa di kunjungi bila  ke kota Batu. Tempatnya bukà mulai sore hingga malam hari. Tersedia berbagai macam wahana permainan. Banyak tersedia juga tempat untuk berfoto. Terdapat foodcourt yang menjual aneka makanan dan minuman, juga ada stand yang menjual oleh-oleh khas kota batu;positif
Salah satu Tempat Wisata alternative yang dapat di kunjungi saat Malam hari di Kota Batu, menarik karena tempat ini setiap tahun terus berkembang mulai dari segi bangunan, fasilitas di dalam dan tentu saja Wahana yang di tawarkan di dalam BNS;positif
Banyak tersedia wahana disini. Mulai dari rumah hantu, taman lampion hingga gocart. Salah satu tempat wisata yang wajib dikunjungi di Batu.;positif
Wahana permainan di bns lengkap ..dr yg extrim sampai yg santai yg cocok unt keluarga tapi pengunjung hrs ingat bahwa tiket masuk tsb hny unt 3 wahana permainan yg sdh di tentukan pengelola saja dan bila ingin ke wahana lain harus bayar lg di loket dekat wahana yg di maksud.;positif
Dari semua wahana yang ada di BNS, yang paling bikin tutup mata Cinema 4Dnya! Yang lainnya sama kayak di wahana jatim park lainnya.;positif
liburan ke Malang kurang lengkap tanpa mengunjungi BNS, the great place for holiday, permainan lengkap untuk semua kalangan anak2 sampai dewasa;positif
Pemandangan ok klo datang sore hari dan tdk kepanasan, saat malam ada lampion park bagus buat foto2, tempat g terlalu besar,lumayan byk arena bermain, saat keluar melewati pusat oleh2;positif
"Jika Anda termasuk pecinta wahana permainan, di sini salah satu tempatnya. Anda bisa naik kora2, masuk ke rumah hantu, dsb. Cukup beli tiket terusan dengan harga 100rb per orang (hari biasa) jika ingin mencoba semua permainan, kalau hanya beli tiket masuk 30rb maka jika ingin bermain beberapa wahana harus merogoh kocek lagi, start from 15rb.

Harga makanan di foodcourt jika tidak terlalu mahal, untuk makanan start from 10.000";positif
;negatif
Cukup bagus untuk hiburan malam hari....tapi sayang wahananya tidak terlalu banyak dan area parkir kurang luas..........;positif
Sesuai namanya, tempat ini berada di Batu-Malang, Jawa Timur, dikunjungi di malam hari begitu indah dengan aneka lampu warna warni yang nenyambut sejak kita masuk area parkir. Temoat ini penuh dengan berbagai wahana permainan yang bisa diikuti mulai anak-anak, remaja hingga dewasa. Ketika berada di Batu, sungguh menyenangkan jika bise menyempatkan berkunjung disini. ;positif
Kami kesini saat liburan akhir ramadhan, kondisi bns ramai sampai2 kami tidak mendapat tempat parkir di area bns, kami akhirnya parkir di luar bns dan harus berjalan kaki kuranglebih 300 meter, tiket masuk saja seharga 40 ribu, sedangkan untuk tiket terusan seharga 120 ribu. harga makanan tidak terlalu mahal, tempat ini recommended untuk anak2..;netral
Hanya buka sore sampai malam, wahana nya tidak terlalu banyak..selalu ramai dengan anak2 wisata sekolahan. Tidak terlalu banyak spot untuk foto. Setiap wahana yg akan dinaiki harus bayar, beda sistem dengan jatim park.;positif
"Batu Night Spectacular merupakan wahana hiburan malam yang menarik di kunjungi bersama keluarga dan juga teman teman. Nikmati suasana dingin kota Batu sambil menyaksikan keindahan dan gemerlap lampu dari wahana Sepeda Udara.

Dengan lebih dari 35 wahana yang ada beserta berbagai pertunjukan menarik lainnya, menjadikan BNS wajib untuk anda kunjungi.";positif
Alternatif Wisata di Batu selain Jatim Park 1 - 3, jika yang lain buka siang - sore, maka yang ini, sesuai dengan namanya buka saat sore - malam. Mencoba menampilkan sisi spektakuler Kota Wisata Batu saat malam hari, dengan background khas tanah pegunungan obyek wisata ini cukup ramah untuk anak - anak, bahkan kalau boleh saya bilang, anak - anak saya lebih menikmati suasana saat disini dari pada saya & istri,,,;positif
Selama ne kl wisata malem tuh cm kuliner ( makanya endut ) wkwk .. lmyn xi jd main2 nya ga panas,ga hitam kulit,mainannya jg lmyn byk,ada mainan bt anak n dewasa jg, cm syg mainan anaknya kmrn ada beberapa yg rusak ,mgkn blm d bnrn x ya ... ada rmh hantu rmh kaca, banyak deh pokoknya;netral
Sudah 2 kali datang ke tempat ini dan selalu ramai. Untung saja area parkirnya sangat luas. Pilihan permainannya banyak, untuk anak-anak maupun dewasa. Terdapat juga pertunjukkan air mancur menari. Penerangannya redup. Menuju pintu keluar akan melewati banyak penjual, mulai dari pakaian, mainan anak-anak, makanan, dll.;negatif
Kebetulan lokasi hotel kami menginap sangat dekat dengan BNS jadi bisa menaiki motor saja untuk kesana, ternyata tempat ini cukup luas, tapi kami kurang menikmatinya. Hanya berkeliling dan mengambil beberapa foto khususnya di area lampion, selebihnya kami hanya melewati wahana-wahana yang ada. Cukup lelah berkeliling disana jadi kami memutuskan untuk tidak berlama-lama disana dan pulang, ketika menuju pintu keluar juga cukup jauh karena kita harus mengelilingi pusat oleh-oleh baru bisa mencapai pintu keluar. Kesannya seperti pasar malam biasa hanya wahana yang disuguhkan lebih banyak, rasanya cukup sekali saja mengunjungi Batu Night Spectacular atau yang sering di sebut BNS ini.;netral
"wahana nya lumayan banyak, tetapi sayang harus bayar lagi setiap wahana rata2 15-20k karena bukan beli tiket terusan, staffnya juga ga semua ramah
tapi lampion gardennya bagus banget";positif
Tempat bermain yg menyenangkan dan banyak mainan buat anak anak. Banyak tempat spot foto yg instagramer banget..;positif
Ini taman hiburan tidak sebesar jawa timur park tapi cukup lengkap dan menghibur. Bukanya dimalam hari. Menawarkan hiburan seperti lampion2, rumah hantu, rumah 3D, sirkuit gokart, komedi putar, libe music dan lain2. Pas untuk hiburan keluarga dimalam hari yang ramah dikantong.;netral
"Sengaja kami mengunjungi BNS pada hari pertama kami sampai di Batu, karena pesawat yang kami tumpangi sampai di Malang sudah sore hari. pada saat kami tiba suasanya cukup ramai karena kebetulan sptnya ada tour dari anak2 sekolahan. tiket yang kami beli adalah tiket terusan seharga 99k, untuk permainan kami bisa mencoba semua permainan kecuali wahan Gokart dan satu lagi saya lupa apa. sayangnya untuk setiap permainan hanya boleh di mainkan sebanyak 1x saja.
didalamnya juga ada tman lampion, krn kunjungan di hari biasa jadi kami bisa berfoto2 tanpa harus terganggu keramaian. di area pintu keluar seprtinya terdapat pasar untuk pusat souvenir cuma sayangnya karena kami keluar sudah terlalu malam jadi sudah pada tutup.";netral
Mainan yang cukup menghibur bagi saya hanya gocar, hanya saja biayanya agak mahal. Untuk lainnya saya kurang berminat untuk bermain. Untuk laser shownya keren. Sementara tarian korea agak kurang pas masuk di sana... ;positif
Banyak sekali arena permainan disini baik untuk orang dewasa atau anak kecil, spot-spot untuk berfoto juga banyak. Live music dan kuliner yang beragam, cafe yang jual minuman dan kopi juga banyak.;positif
Pada awal januari 2019 ini, sy berkesempatan mengunjungi BNS dgn istri.. kesan sy pd tempat ini,bagus ,seru,banyak wahana permainan dengan harga yg menarik.. ;positif
kala itu (2014) belum begitu marak ya taman lampion, jadi kami kagum aja pas nyampe sana. wahana yang ditawarkan sebenrnya lengkap dari kursi terbang, pertunjukan air mancur menari hingga perang2an apalah itu namanya. karena sudah terlalu larut dan kami kelelahan jadi kami tidak sempat mencoba wahana yang lain.;netral
Tampilannya seperti pasar malam walaupun cukup banyak wahana. Lokasi tdk luas.Setiap masuk wahana harus bayar lagi. Saya pakai tiket terusan seharga 99 ribu tetapi masuk wahana2 sebagian tetap mesti byr lg.Tiket terusan lebih cocok jika ingin mencoba banyak wahana, jika tidak lebih baik bayar persatuan.Dengan fasilitas dan harga segitu menurut saya terhitung kemahalan.Disarankan membawa jaket krn kondisi cuaca cukup dingin;negatif
Kalo musim hujan agak ga nyaman kesini . Krn banyak permainan yang outdoor . Untuk masuk ke setiap wahana kita bayar kalau tidak beli tiket terusan , ya memang harga per wahananya tidak mahal... Untuk area anak di bawah usia 7 tahun jg banyak . Ada Playground mini yang isinya mandi bola, perosotan, trampoline. ;positif
Pertama sebelum memasuki BNS kurang excited tetapi setelah tau banyak wahana yang seru di dalamnya langsung terpukau karena banyak wahananya yang memacu adrenalin dan keren-keren. Selain itu htmnya untuk mencoba setiap wahana juga tidak terlalu mahal dan relatif terjangkau tetapi tidak mengecewakan, tidak hanya itu saja ada juga wahana yang free. Selain wahana di area BNS juga terdapat berbagai outlet makanan dan berbagai macam oleh-oleh.;negatif
Awalnya semangat untuk menikmati wahana di BNS pada saat kemalang.. tapi jujur saja agak kecewa karena fasilitas didalamnya seperti pasar malam.. jadi tidak mencoba wahana2 yg ada didalamnya.. saya dan istri hanya foto2 dan masuk wahana taman lampion.. dan musti bayar lagi dliuar tiket masuk BNS.. beberapa wahana pun musti bayar lagi.. tiket masuknya tidak mahal hanya 40rban kalau saya tidak salah.. tp jika dihitung kembali jika mau main wahana dan musti bayar lg.. serasa lebih mahal.. dan cuacanya dingin musti pakai pakaian agak tebal ya..;positif
Saya sarankan wisata ini dijadikan pilihan di hari terakhir yang sudah santai, setelah destinasi lain yang wajib sudah dikunjungi. Di dalamnya terdapat banyak mainan dari yang tradisional seperti di pasar malam sampai VR game dan paint ball. Makanan banyak pilihan dan di jam tertentu ada show air mancur menari seperti yang di Monas. Kekurangannya setiap wahana yang dimasuki harus bayar lagi.;netral
Udah beberapa kali kesini, semakin ada peningkatan, ada beberapa wahana baru. Tijet terusan sekitar 100 rban. Setelah capek bermain bisa menikmati pijat reflexy di luar BNS hanya 35 ribu;positif
Liburan dengan anak-anak sangat tepat dengan banyaknya hiasan lampion di tempat ini. Dan biaya yang terjangkau;positif
Pasar malam yang lengkap dengan permainan yang beraneka ragam. Mulai dari permainan anak sampai dengan dewasa. Ada Gokart dengan 5 putaran 100rb rupiah, saking asiknya tidak terasa. Apalagi ada lawan buat balap. ;negatif
Harga tiket masuknya tergolong mahal. Masuk aja harus bayar 30ribu per orang. Kalo cari spot foto yaaa paling bagus cuma Taman Lampion aja. Mau naik wahananya kayaknya juga ngeri dan harus bayar lagi kalo gak beli tiket terusan (seharga 100rban). Kesini cuma naik Sepeda Angin doang. Yaaaa silahkan dicoba lah. Mungkin wahananya harus di ganti atau diperbanyak lagi ya;negatif
keseruan saya dikecewakan dengan tiket masuk paket yang saya beli itu dibilang including permainan tp setelah masuk hanya beberapa permainan yang bisa di mainkan selebihnya additional fee ( lebih banyak bayarnya ), tahu gitu kan kami beli tiket masuk saja.;netral
tempatnya ga terlalu luas. ada berbagai permainan buat anak dan remaja disini. lebih baik beli karcis terusan karena lebih hemat jika ingin menikmati banyak permainan. paling seru wahana sepeda udara dan dancing waves.;netral
"lokasinya dekat dengan jatim park 2. wahana bermainnya cukup banyak dan hampir semua wahana nya tergolong ekstrim. ada wahana go-kart dengan track yang cukup panjang. spot foto terutama di bagian lampion bagus, tapi agak terpencil.
BNS bisa menjadi alternatif lain bila jatim park tutup atau terlalu ramai.
(-) : akses disabilitas ada tapi terlalu curam, ada beberapa wahana yang butuh pemeliharaan, akses keluar yang memutar sehingga melewati pujasera dan membingungkan, toilet kurang banyak dan tiket masuk belum termasuk dengan tiket menaiki wahana.
saran: lebih baik beli tiket terusan jika ingin naik banyak wahana karena jatuh lebih murah daripada terpisah :)";positif
Kesini ngajak anak2,hbs magrib cuz ksni.ckup 5menit da nympe.kebetulan nginep di homestay yg dblkng BNS.Pas ksna lg rame2nya ada yg lg studytour.Masuk ksn,klw mnrt aq sih,mirip2 sm kyk pasar mlm,hee...tp ada dufan jg.Keliling2,maen,foto2 jg keren.Masuk kdlm wahana Lampion jg seru bwt foto2,anak2 seneng.Pas arah pulang,kebetulan lg ada air mancur menari,2 lagu sm ada video film anak2,l jg.Keren deh,smpt di rekam jg bwt kenang2an blk lg k palembang.Tmpt jual souvenir dan brng2 oleh2 khas batu jg byk,kmrn beli sendal 10rb,mknan sm maenan kunci&kulkas.Harga murah.lumayan bwt oleh2.;negatif
ekspektasi tentang BNS ini terlalu berlebihan (karena dapet rekomendasi dr kakak yg seneng banget di bns) jadinya begitu sampe langsung ngerasa kok biasa yah hehe,apalagi yg sering ke dufan atau taman bermain lainnya,mungkin krn anak anak kami masih kecil jadi ga seluruh permainan bisa dimainin dan kalo buat org dewasa terlalu biasa hehe,tapi overall wajib dikunjungi kalo di batu;positif
"Tempatnya asyik byk wahana tp kocek hrs rada tebal yaa... Maklum masuknya aja uda 30rb/org (weekdays) & main di byk wahana byr lg sekitar 15rb an (wahana lumayan byk) walopun ada jg wahana yg gratis. Pintu kluarnya ada penjual souvenir (kaos, baju, topi, mainan, dll). Ada pujasera jg di sebelah penjual souvenir dannn ada kolam jg di ujung pujasera yg bbrp x balik ke situ ga prnh ada lg air mancur menari 😭😭 (prnh pas ke bns ada moment air mancur menari cantik banget cuma ga tau kpn lg di putar).
Lumayanlah menghabiskan waktu malam hari";positif
Tempat sejenis pasar malam. Tidak terlalu luas. Permainan cukup banyak variasinya. Makanan cukup banyak;positif
Suasananya sangat bagus dengan aneka permainan yang tersedia. Wahana yang tersedia untuk segala umur.;positif
Bagi anda yang menyukai wisata malam, BNS menjadi alternatif wisata yang layak dijadikan pilihan ketika anda mengunjungi Kota Batu. Tidak begitu Spectacular karena masih ada banyak tempat serupa di kota lain di Indonesia, tetapi BNS amat sangat menarik untuk dilewatkan begitu saja. Berbagai macam wahana permainan, juga stan stan ada disini, sehingga dapat dijadikan tempat wisata malam yang menjadi lebih hidup, jauh dari kesan gelap dan misterius. Stan foto 3D, rumah kaca, berbagai macam wahana permainan, stan makanan, dan juga kios kios souvenir, menjadikan BNS ramai dan sangat menyenangkan untuk dijelajahi. Jangan lupa kunjungi juga stan rumah horor yang pastinya akan membuat kunjungan anda menjadi lebih afdol. Tiket masuk yang cukup terjangkau dan juga banyaknya hiburan yang ditawarkan akan menjadikan rekreasi anda dan keluarga menyenangkan. ;positif
Di BNS kita bisa main beberapa wahana di malam hari lo guys, soalnya disini itu emang khusus untuk sore sampai malam hari. Waktu itu saya beli tiket yang harganya 90k , bisa main2 wahana disana dan ke lampion2 juga;positif
Tempat yang bagus untuk dikunjungi pada malam hari, seperti namanya. Bagian lentera BNS bagus untuk mengambil foto. Saya memiliki pengalaman yang menyenangkan dengan permainan Go-Kart, dan para pekerja sangat ramah dan membantu.;positif
Bagi yang ke Batu pasti akan merasa belum lengkap kalo gak kesini. Bukanya hanya malam hari dan disaranin pake pakaiannya yang agak tebel ya... dingin soalnya hehe;netral
Sesuai dengan namanya,tempat wisata ini memang wisata malam hari. Konsepnya seperti pasar malam dengan berbagai wahana & permainan yg memacu adrenalin. Lokasinya yang berada didataran tinggi membuat udara terasa sejuk di lokasi wisata ini. Lebih pas datang kesana jangan dimusim liburan karena akan sangat pada sekali pengunjungnya. Untuk berjalan & berfoto jadi sulit. Taman lampion di tempat wisata ini sangat bagus. ;negatif
BNS kurang terawat. Jadi ini tiap masuk wahana bayar lagi. Kita sempat masuk yg 4 d . Banyak mesin yang kurang berfungsi.kita sempat masuk yang taman lampion ini cukup menarik cuman ya sedikit kurang terawat aja. Semoga lebih baik lagi. ;positif
"Seru banget main ini malem-malem, Wahananya juga bagus-bagus, baru pertama kali ngerasain Gravitron. Gila sih, jangan naik ini kalo abis makan (untuk baso malang gue aman-aman aja di perut pas gue naik ini hahaha) ngerasain gimana diputer kenceng banget sampe lo kayak nempel ke tembok gitu melayang. Pokoknya harus coba.

Sama satu lagi yang gue suka itu Drop N Twist, seru banget pas diatas dingin hahaha.

Rekomended, tapi gak sukanya tiap wahana itu bayar berkisar 10-20rb an. Aku bawa 5 orang jadi lumayan lah :')";positif
Tempatnya selalu ramai dan seru, anak saya ingin terus bermain di sini sampai tidak mau untuk pulang ke penginapan. Segala permainan menarik ada di sini dan yang pasti kalau saat musim liburan sekolah mesti sabar untuk antri di setiap area permainan. ;positif
"Batu night Spectacular (BNS)
Di batu malang .
Buka dari jam 5:00 sore sampai dengan jam 11:00 malam .
Di BNS umumnya untuk permainan anak.
Dan food court nya juga harganya murah2";positif
"Berada tidak jauh dari Jatimpark 2, tempat ini hanya buka mulai sore hari sampai pukul 23.00.
Menurut saya permainannya lebih cocok untuk anak-anak dan remaja.";positif
Lokasi yang ternyata menarik untuk menghabiskan malam karrna banyak.aktifitas yang dapat dilakukan bersama keluarga, dari yang dapat dilakukan oleh anak2 seperti rumah kaca, trampolin sampai dengan menembak sasaran maupun wahana seperti piring yang diputar hingga terbalik posisinya. Taman lampion juga hal yang menarik untuk berswafoto serta adanya dukungan kios2 penjual makanan ataupun minuman. Hal yang pasti adalah suhu udara di Batu ini sangat dingin ditambah saat malam hari membuat sarana pendukung seperti baju hangat serta alas kaki yang baik sangat diperlukan;positif
"Semakin malam kegiatan eksplore di kota batu belum lengkap tanpa mengunjungi ini, dengan tiket masuk terusan IDR 120.000 anda sudah dapat menikmati semua wahana yang ada di sini, seru malam malam berteriak

main gokart IDR 50.000 adalah yg paling seru buat saya karena bisa ngebut di malam hari

masuk rumah hantu lebih seru lagi

silahkan coba";positif
"Satu2nya wisata dengan wahana permainan yg buka sampai malam.. biasanya buka sampai jam 11.. luar biasa..
Tapi karena kami datang di bulan puasa.. BNS buka hanya sampai jam 10.
Wahana banyak yg ekstrim, untuk wisatawan dewasa apalagi untuk anak muda yg suka tantangan, sangat menarik
bagi si sulung kami. untuk anak yg lebih kecil juga ada bom bom car, sky ride, funpark(lupa nama2nya.. heheh).. lumayanlah..
Selain wahana permainan, ada rumah hantu
";negatif
 Bns salah satu wisata di batu , sya membayar tiket untuk masuk 40k .. untuk terusan 120k , menurut saya biasa saja untuk objek wisata nya untuk tiket juga terlalu mahal dengan harga  masuk 40k. Ada baiknya tiket di turunkan dan lebih ditata layaknya wahana Jatim park.;positif
"BNS merupakan tempat yang wajib dikunjungi bila kita sedang berada di Batu Malang. Tempat yang mulai dibuka pada sore hari ini memiliki Atraksi lampion yang dibuat berbagai macam bentuk seperti kereta kencana, istana, menara Eiffel, dll berwarna-warni membuat sangat menarik perhatian dan bagus untuk spot foto.

Selain atraksi lampion, disini juga menghadirkan berbagai macam atraksi lainnya seperti rumah hantu, magic, wahana bermain anak-anak, tempat menjual suvenir dan makanan khas. Sangat cocok untuk keluarga dan anak-anak.";negatif
"Ini nih salah satu tempat wisata di malang yang dilihat dari luar menarik tapi hmmmmmmmmm banget..

hahahaha

KENAPA??
1. biaya masuk kesini lumayan mehong ya, skitar 40rb per orang (kalo gak diskon bulan puasa), iya kalo bulan puasa diskon 40% seluruh jatim park group hahaha
2. emang sih disini banyak wahana macem dufan gitu loh, tapi kalo kalian mau naik wahananya, BAYAR lagi dong. dan yang bete nya satu wahana sekitar 10.000 per orang huaaaaaaa... lumayan ya kalo semuanya dinaikin, pusing pala mamak hahahaha
3. Disini ada tempat namanya taman lampion juga, tapi itu kalo mau masuk kesitu, bayar lagi, jadi semacam masuk wahana padahal cuma numpang foto sebenernya di dalam taman lampion itu..

Jadi ke sini bayar 40.000 bisa liat apa?? yaaa itu doang, liat lampu"" dari smua permainan hahahaha karna kalo mau naik wahana kan bayar lagi cyinn hahahahaha

hmmmm sedikit GAK REKOMEN deh kalo kesini, tapi kalo kalian tetep penasaran, boleh aja mampir, tapi cobain deh sepeda yang langit haha apa ya namanya, jadi kaya naik sepeda di rel trus muter""in sebagian BNS tapi dari atas gitu loh.. satu orang biayanya 10.000 hahahaha

social media:
instagram: @herdinavm - @david_hutauruk
youtube chanel: dina manurung";negatif
Menurut saya tempat ini sepi dan kurang menarik dan cenderung terlalu biasa. Permainan yang cocok buat anak-anak pun sedikit. ;positif
Wisata malam guys di batu malang amazing banget pokoknya suasana dingin di campur petualangan di BNS pokoknya sesuatu banget coba in guys,,,,tapi jangan lupa order yaw car for rental di ayx pro trans,,,,085740002287;negatif
"Awalnya saya kira tempat ini menarik karena memang banyak post yg saya lihat bagus, ternyata setelah kesana sistemnya sangat tidak bagus . jadi setiap mau naik atau masuk ke wahana kita harus bayar lagi diluar tiket masuk yang kita bayar , selain itu rasanya ga worthit dengan bayar tiket masuk dan kita gabisa menikmati wahana .
saran saya lebih baik tiketnya terusan saja, jadi sekalibayar di depan agar tidak mengecewakan .

selain itu ada pasar, ya lumayanlah bisa belanja disini .";positif
kalau malam-malam mau wisata yang seru-seru dengan aneka wahana, bisa main kesini. cukup lengkap dan banyak pilihan wahananya. ;positif
tempat wisata dimalam hari paling cocok adalah di batu night spectacular (BNS) yang terletak di kota batu, gemerlap permainan lampu membuat semakin indah wisata di BNS;positif
"Kalau kita wisata ke batu malang maka tempat ini cocok untuk aktivitas wisata di malam hari karena selain tersedia wahana permainan juga banyak lampion-lampion dengan cahaya warna warni yang indah di malam hari.

Banyak penjual makanan/minuman di dalam area wisata maupun diluar area.

Cocok untuk menikmati malam hari dengan keluarga.";positif
"tempat rekreasi untuk keluarga .. tempat wisata yanag dibuka dimalam hari..
banyak wahana permainan yg ekstrim yang perlu di coba..";positif
Taman lampionnya keren banget, banyak wahana seru disini, bisa beli tiket yg sepaket sm jatim park. Recomended banget buat wisata lokal..;netral
Keliatan dari jauh sangat indah dengan lampu warna-warni. Didalamnya seperti pasar malam biasa saja. ;negatif
"Lokasi nya pas sebrang2an dgn Batuque Hotel.

Tiket masuk 60rb per org include tiket+makan+minum+2x permainan.

Lokasiiii sepiiiiii bgttttt
Makanan ga enak : psen sate,daging nya masih lenyek (blm matang), temen pesen pempek ga ada rasa plus amis, pesen jus encerr bgt🤣
Ga ada yg beres makanan nya

Utk Permainan saya hanya naik 1x dan lumayan lah

Disini jg ada tempat Jual oleh2 kaya daster, gantungan kunci,dll...

Kayanya utk next aku ga mau kesini lg deh, kalah jauh sama Ecopark,Museum Angkut Atau Jatim park pdhl sama2 Jatimpark group.";positif
"BNS mirip sekali dengan pasar malam namun mengusung teklogi yang lebih maju.Bagi yang tidak suka wahan extrim disarankan untuk tidak membeli paket full (99rb) karena akan rugi, tiket wahana didalm juga tidak terlalu mahal, diabawah 20rb semua. Tapi bagi yang suka ekstrim wajib membeli paket 99rb. saya menjajal
wahana lampion : cocok untuk yang suka berphoto ataupun selfie
Bioskop 4D : lumayan buat seru2an
Kereta atas: Asik mengililingi BNS dari atas sambil menikmati alam
Gravity : di sarankan yang sakit kepala atau mula jangan naik, karena akan tambah parah ehehee
Ontang anting : asik naik ayunan berputar2, dingin dingin nyess
Art Picture : cocok untuk yang suka berphoto photo
Rumah hantu : saya gak masuk karena takut hehehee.. jd tidak tahu
Kalau bisa pakai baju agak tebal karena dingin

Nilai Plus :
- Tiket masuk terjangkau
- cocok untuk wisata keluarga
- Jajanan cemian murah
- Oleh - oleh murah
- Toilet memadai
- Wahana baru baru
- Weekend buka sampai jam 11 malam

Nilai minus
- Kalau hujan selesai deh hehehe... ...
- Tidak semua permainan dalam paket 99rb";positif
tempat ini seru banget, banyak anjungan wisatanya, permainan, taman lampion, bioskop 3D mini. Waktu itu pergi ke BNS waktu ada acara di Batu.;positif
"Tempat ini sangat menarik untuk di kunjungi, dikarenakan banyak tempat mainan yg cocok untuk remaja. Ada go kart, permainan 3D , dan berbagai permainan menarik lainnya dengan harga cukup terjangkau.
Dan yang menarik kita bisa mengunjungi tempat food court yang banyak pilihan dengan harga terjangkau. Dan di food court ini pada jam 20.30 dan 21.30 bila tidak salah ada hiburan air mancur yg berwarna warni.
Oh ya utk tarif masuk Rp. 30.000 per orang. Belum termasuk harga setiap permainannya.
Patut anda jadikan agenda ketika berwisata ke malang.";positif
dengan konsep game dan permainan modern, buka sore sampai malam hari.berlokasi di pusat kota batu.banyak permainan untuk anak2 maupun dewasa;netral
Tiket masuk sangat murah tapi ternyata bukan tiket terusan. Untuk menikmati wahana harus bayar lagi. Wahananya bisa dibilang itu itu saja;positif
Sengaja milih penginapan deket bns biar bisa ke bns malem2 jalan kaki.. Semakin malem semakin rame, banyak banget spot foto yang bagus disinii.. Wajib bgt dateng kesini sih kalo lagi ke malang;positif
Tempatnya nyaman, selain udara yang sangat sejuk anak-anak juga sangat betah di BNS ini, beberapa tempat malahan sampai berjam-jam anak ane di ditu, diantaranya tempat permainan masak-masakan dan gunta ganti baju yang biasa di pakai sophia kartun itu lho hehehe;positif
Disini sangat banyak wahana yang bisa dicoba. Semua wahananya menantang. Di sni jg ada museum art yg sangat kereeennn... ada banyk lampion yg lucu juga;positif
Harga Tiket Masuk Yang murah 30.000, Banyak terdapat wahana Yang cocok untuk pencinta permainan Yang memacu adrenalin. ;positif
"Tempat wisata permainan penuh cahaya. Permainamnya gak jauh beda dg tempat wisata lain, berada dlm area yg lebih kecil. Jd gak terlalu cape jalan kaki. Ada bbrp wahana yg justru gdk ada di tempat lain spt giant drop dan satu wahana yg membuat pusing mual tp menguji nyali. Ada permainan buat anak2 juga. Anak sy milih trampolin dan rumah hantu.

Tiket terusan 99rb mgkn lebih menguntungkan jk ingin menggunakan semua fasilitas. Kl hanya bbrp, lebih irit beli individual, krn tiketnya gak begitu mahal.

Yang harus dikunjungi keluarga adalah lampion garden. Keren banget tuh.

Lama kunjungan menyenangkan ya minjmal dua jam.

";positif
Tempat ini merupakan arena permainan anak yang dipadukan dengan taman lampion. Disini juga kita bisa menikmati petualangan 4 dimensi. Jika ingin murah, sebaiknya menggunakan tiket terusan yang harganya 99 ribu sudah termasuk tiket masuk dan tiket untuk semua wahana kecuali Gokart, Trampoline, Ketangkasan, Battle Area dan VR Ride.;netral
"Taman carnaval anak ada banyak wahana, saran saya lebih baik bli tiket terusan, tiket biasa 50.000, terusan 99.000.
Krn di dalam banyak permainan, setidaknya pasti akan naik sepeda udara 15.000, taman lampion 15.000, di dalam masi banyak wisata lainnya, ada mandi bola dan playground untuk anak dibawah 4thn 15.000 (murah bgt kan hehe?slogannya anak senang, ibu hemat) lengkap ada permainan pretend, kolam bola, balok dan yg semacem mainan kuda2an di fun world (untuk anak dibawah 6 thn) di dlm jg ada wc, anak saya 2 jam masi dipaksa keluar 😂😂😂
Taman lampion juga oke, banyak spot foto bagus. Makanan juga tdk terlalu mahal.
Dan jika sore kesini, muacet banget loh, jd prepare wkt nya dengan baik dan ramai skali, area tdk terlalu besar, cenderung bertumpuk di dlm. Yahh cm lumayan bikin kaki pegal2.";positif
"Kalau di Jakarta mungkin agak mirip dengan Dufan di Ancol
.
.
Taman hiburan yang menawarkan aneka jenis wahana baik dari rumah hantu,rumah sihir,gokart,dsb ini merupakan salah satu ikon destinasi yang wajib dikunjungi di kota batu ini
.
.
Untuk spot2 foto yang terdapat di tempat ini cukup romantis jika Anda membawa pasangan,seperti di lampion house yang menawarkan suasana ketika hendak mendapatkan cinta sang gebetan
.
.
Untuk disini saya mengambil foto di Art 3D yang menawarkan aneka macam lukisan 3D dan kita bisa mengambil fotonya yang seolah2 kita menyatu dengan lukisan tersebut
.
.
-Overral for place : 8.5/10
.
.
-Notes
1.Untuk antrean per wahana cukup padat sehingga akan memerlukan waktu yang cukup lama untuk bisa ke wahana tersebut";positif
Sekian Kali ke Malang selalu ada tempat wisata baru, menarik tempatnya dengan adanya festival lampion dan juga wahana permainan untuk anak-anak, dinginnya udara malang dimalam hari wajib menggunakan baju hangat dan kaos kaki.;positif
Bagus lampion2nya, anak2 seneng banget foto2 disana. Lampion naganya keren n detail bikinnya. Permainannya cukup banyak, tp karena mulainya malam jadi nggak bisa lama2 karena anak2 udah ngantuk. Makanannya sih biasa banget nggak ada yang spesial tapi lumayanlah buat nangsel perut dan harganya wajar.;netral
Tempat yang indah dan romantis dan banyak permainan anak2.. Hanya sayang food court makanan goreng2annya kurang bagus mutunya..;netral
Bawa jaket , pake kaos kaki... Soalnya beraktifitas disini.. semua permainan bayar lagi ya.. masuk bayar.. main bayar.. tp ga terlalu mahal kok.. buat yang bawa baby. Jangan lupa kasi tebel2 kalau mau main sampai malam.. saya ke bns sore menjelang malam , jadi nya uda malam baru pulang;positif
Pada waktu ke sini, kami mengunjungi lampion garden nya. Kami ke sini pada waktu malam, pemandangannya sangat bagus sekali. Di sini kita bisa melihat lampion dengan berbagai macam bentuk dan warna yang bagus sekali.;positif
Banyak pilihan wahana,  cocok untuk wisata keluarga terutama anak anak & dewasa harga terjangkau, udaranya pun sejuk;netral
setiap wahana ada harga sendiri, harus siapkan budget. bisa sih beli tiket terusan, tapi harus tau mau naik wahana apa.;netral
Banyak wahana di tempat ini. Mulai dari permainan biasa sampai yg memacu adrenalin. Tiket masuk utk weekday Rp30 ribu sedang weekend atau hari libur Rp40 ribu. Untuk tiap wahana ada lagi tiket yg harus dibeli. Memang ada tiket terusan, tp menurut saya lebih baik membeli tiket masuk saja dahulu baru membeli tiket tiap wahana. Karena tidak mungkin semua wahana dicoba, apalagi weekend. Antriannya bisa panjang. Ada Lampion Garden yg bisa dijadikan spot foto. Pandai pandailah mengambil foto disini. Perhatikan betul backlight, cari sudut yg baik, kalau tidak kita terlihat siluet saja. Tempat makan banya dan harganya normal.;positif
Batu adalah surga bagi para wisatawan, apalagi dengan adanya Batu Night Spectacular tambah bagus lah pokoknya, tidak diragukan lagi bagi bapak dan ibu agar mengajak buah hati nya ke wahana ini.;positif
waktu kesini beli tiket yang terusan, kalau menurut saya lumayan mahal ya hehe, disini banyak permainan ga cuma buat anak2 tapi juga dewasanya, kalau ada yang berani bisa masuk kewahana rumah hantunya, lampu2nya keren2 ada miniatur menara eifel dan petronas tower. disini ada foodcourt dan banyak toko2 yang menjual oleh2, tapi kebanyakan baju baju yang dijual.. ;negatif
tidak ada yang spesial dari tempat ini seperti pasar malam pada umumnya, tapi apabila ke batu ya sempatkan untuk mengunjunginya. ;positif
"Lokasi gak jauh dari homestay tempat menginap, jadi tinggal jalan kaki. Buka dari jam 15.00 sampai jam 24.00 kalau gak salah.

Apa isinya? Wahana, sebagian besar untuk orang dewasa. Tapi, bagi yang memiliki balita jangan khawatir ada ruang & area bermain anak yang luas, insya Allah balita betah.

Di BNS kami beli tiket masuk saja, kalau tiket terusan khawatir malah tidak terpakai. Dan benar sekali, karena wahana di dalam didominasi untuk orang dewasa.

Ruang bermain anak-anak tiketnya 15ribu sepuasnya, termasuk anak dan yang menemani di dalam. Dilarang membawa makanan & minuman selama berada di dalam BNS. Tapi karena anak-anak saya masih kecil-kecil, ya saya bawa makanan sendiri.

Area BNS ini lumayan luas ya, dengan pintu keluar area hanya 1, pengunjung diatur sedemikian rupa melewati pasar souvenir BNS yang menjual kerajinan, kaos, keripik. Saya perhatikan, semua pedagang baik yang berada di Jatimpark 1, 2, BNS mematok harga yang sama.

Jadi kalau tidak sempat beli kaos di Jatimpark, bisa beli di BNS juga dengan harga yang sama. Kaos lengan panjang ukuran XXL 65ribu, baju anak? Mulai dari 25ribu, tergantung ukuran.";negatif
wahananya macam-macam. sayangnya tidak bisa dinaiki 2 kali. taman lampionnya biasa saja. sebaiknya membeli tiket terusan agar lebih murah, walaupun tidak semua wahana biasa dinikmati dengan tiket terusan. tempatnya tidak terlalu ramai. datanglah sekitar jam 6 supaya agak ramai.;positif
BNS harus membayar setiap akan memainkan permainannya..tempatnya menyenangkan..cocok untuk pelajar pelajar yang sedang karya wisata.;positif
Sebenernya sih lebih cocok kalo ajak anak liburan kesini karna basicnya taman bermain, tapi buat pasangan kaya aku worth it lah, kita bisa foto2 seru bareng pasangan, puas main perut lapar tersedia foodcourt dg berbagai pilihan menu, jadi gak perlu takut kelaperan, tapi bayarnya harus pake card jadi agak ribet bolak balik nya hehe;positif
Secara garis besar objek wisata ini hampir mirip dengan Suroboyo Night Carnival. Bedanya wahananya lebih banyak, selain itu terdapat arena Gokart dan Lampion Garden, dan di lantai bawah banyak toko baju dan toko oleh-oleh khas Batu.;positif
Gemerlapnya malam hari dibatu yahh di BNS ini. BNS ini menyediakan berbagai wahana permainan. Sayangnya tiket tiap wahana berbeda. Didalam BNS ada taman lampion, menawarkan berbagai macam bentuk lampion yang kece banget untuk foto-foto.;positif
Untuk yang suka fotografi cocok datang ke tempat ini. Banyak spot menarik dengan lampion-lampion yang bagus. Tiket overpriced;positif
wahana permainan menurut saya kurang menarik, taman lampion terlalu kecil padahal icon dari BNS yang menarik adalah lampionnya;netral
Keren...penuh cahaya dg berbagai macam bentuk lampion warna warni, juga ada tempat yg menjual souvenir;positif
"Untuk bermain di dalam harus bayar extra, cuman sekitar 10-15rb tapi masuk kesana saja sudah bayar dan agak menganggu setiap mau main harus beli tiket lagi. Mbak"" dan mas"" nya tidak ramah dan judes orangnya. Overall BNS bisa dinikmati sebagai atraksi merakyat ";positif
"banyak wahana yang menarik disajikan di bns. Semua bisa dicoba. Ada baiknya kalau benar-benar ingin bermain beli saja tiket terusan harga 100ribu.

Tapi kalau seperti saya, lebih memilih htm 30ribu, cukup masuk saja. Dan menikmati wahana yang gratis. Karena kebetulan sedikit gengsi hehe, banyak rombongan anak kecil jadi ngalah.

Di dalamnya juga terdapat taman lampion. Dengan harga 15ribu, kita bisa menikmati banyak bentuk dan warna lampion.

Benar-benar lebij cocok untuk anak, kalau permainan.";positif
Wahana yg ditawarkan lumayan banyak walaupun tidak sebanyak ancol.. Asik untuk melepas waktu liburan bersama teman. Tiap wahana harus bayar.;positif
"Ada taman lampion, air mancur bergoyang pas jam nya mau tutup, dan wahana wahana lain nya.,
Bagus kalo berkunjung ke batu mampir kesini,
Tiket masuk murah.,
";positif
"Tempatnya bagus, penuh dgn lampu2.. banyak wahana yg bs dimasuki, hanya sayangnya di awal kami hanya membeli tiket masuk shg saat didalam terpaksa membeli single ticket utk tiap wahana, jadinya sangat boross! Buka dari jam 3sore smp jam 11mlm, kami tiba sblm pukul 7mlm msh sepi, makin malam semakin ramai pdh bukan weekend/Hari libur. Bagi yg mau membeli oleh2 makanan (keripik, minuman, buah apel) bs beli di area parkir stlh pintu keluar, harganya lebih ekonomis dibanding toko oleh2 terkenal
*Sangat dianjurkan utk membeli tiket terusan bagi yg mempunyai anak aktif diatas 8th 😀";positif
Dipenuhi gemerlap lampu, BNS menjadi ikon kota batu yg baru, seakan tidak ada matinya kalau berkunjung ke kota batu baik siang maupun malam... hanya sedikit khawatir dengan fasilitas permainan yg ada apakah ter-maintenance dengan baik.. lainya it's ok..;positif
Obyek wisata ini kental dengan nuansa tata lampu warna warni, menarik untuk dikunjungi. Waktu malam datang dan mulailah bermain disini...atau mau berbelanja atau mau makan...atau mau nonton live show...ada disini...😊;positif
Tempat yg menarik. Pemandangan lampu-lampu dan lampion-lampion yg cantik. Tata letak dan tata kelola yg baik membuat tempat ini menjadi salah satu tempat yg wajib dikunjungi;positif
Tempat yang cocok untuk menghabiskan malam yang dingin di Batu. Wajib kunjungi taman lampion yang sangat indah di dalam untuk foto-foto. Naik sepeda layang juga harus dicoba, bisa lihat pemandangan Batu dan Malang dari ketinggian.;positif
sebuah lokasi penuh sensasi untuk dikunjungi, selalu meriah banyak wisatawan datang, banyak arena permainan yang seru....;positif
Perjalanan bisnis ke Malang, mencuri-curi waktu ke BNS,, Terkesan dengan Taman Lampionnya,, Biarpun untuk masuk ke Taman Lampionnya di kenakan biaya lagi diluar Biaya Tiket Masuk,, Lampionnya cantik-cantik,, Bagus untuk yang suka Foto-foto,, Di Danau nya waktu itu ada Live Musicnya,, Enak bangett dengerin musik sambil santai di pinggir danau nya,, Kerenn,,;netral
"pas kesana pas ada promo tiket masuk + 2 wahana. lumayan juga .. ternyata semua wahana bayar. cukup menguras kantong walopun range wahana nya 7000 - 15000.
makanan di foodcourt cukup variasi dan harga terjangkau.
sayang, kami melewati area lampion. hiks,,, apakah ada sign nya disana?";positif
Taman hiburan yang tersedia di Batu Malang. Di dalamnya terdapat berbagai wahana bermain. Ada wahana yang berbayar, ada juga yang tidak. Untuk yang doyan berfoto ria, ada banyak spot yang cukup bagus untuk dijadikan background.;positif
BNS buka di malam hari.Harga tiket masuk memang tidak begitu mahal.Tetapi untuk bisa mencoba berbagai macam wahana di dalam kita harus membayar lagi.Yang paling kita suka taman lampion karena banyak spot spot yang bagus untuk berfoto dan bisa menikmati suasana malam dengan lampu lampion yang dibuat berbagai macam bentuk.Banyak yang menjual oleh oleh khas batu dengan harga yang cukup murah.;positif
"Dengan harga tiket masuk 40ribu dan jika ingin masuk ke area lampion dikenakan kembali biaya 15ribu/org. Banyak spot lampion yang bagus""..
Dan jg menyediakan tmpt bermain banyak baik untuk anak"" ataupun dewasa.
Dan jg ada tmpt untuk membeli oleh"" yang harganya cukup murah.";positif
Pas datang, membeli tiket ditawarkan mau beli tiket terusan utk semua permainan, atau hanya tiket masuk saja, krn kami tdk yakin bisa main semua, jd hanya beli tiket masuk Rp. 80 rb/org, dikasi gelang buat pengganti tiket. Bgtu masuk luar biasa meriahnya, semua wahana terang benderang,isinya berbagai pilihan permainan buat anak atau dewasa. Krn keterbatasan waktu kami saja hanya bisa mencoba sepeda udara, bumper car, gokart dan lampion, tiket nya antara Rp. 15rb-20rb per org, cukup murah.Khusus utk taman lampion, siapkan memori foto yg banyak.. tempatnya bagus sekali buat foto-foto. menuju pintu keluar banyak toko oleh-oleh, diluar pun juga tersedia byk toko oleh-oleh khas malang. Keseluruhan kami puas sekali disini, harga tiket relatif terjangkau, harga makanan jg wajar, plus anak-anak puas bermain;netral
"Menikmati indahnya Lampion yang berwarna-warni. Bagus sekali untuk menjadi background foto yang diabadikan di taman Lampion ini.
Tetapi wahana lainnya biasa saja, hanya Taman Lampion ini yang luar biasaa";positif
Cocok untuk Muda mudi yang ingin bereisata di Malam hari. Taman lampionnya menarik untuk berfoto. Bumper car dan atraksi menarik lainnya juga bagus.;netral
BNS salah satu tujuan utama kami saat ke Batu Malang kemarin... karena kami membeli tiket terusan di Jatim Park, maka cukup menunjukkan gelang ,tinggal masuk.Banyak wahana di dalam BNS...namun harus merogoh kocek yang lumayan jika kita ingin mencoba semua wahana...Saran saya sih, beli tiket terusan BNS terpisah, karena beberapa puluh wahana sudah termasuk didalamnya...lebih hemat daripada membeli per wahana.;positif
Wahana wisata BNS merupakan salah satu favorit di kota Batu. Suasana hiburan menarik dan bernuansa romantika, ketika mulai menikmati lampu lampion malam yang gemerlap lembut seiring dengan desain dan tata letak yang membawa ketenangan berwisata bersama pasangan. Suasana kian menghibur ketika masuk ke arena pentas air mancur di food court yang beragam menu khas Nusantara yang Bhineka Tunggal Ika. Group band nya pun memesona kami, suara bening si Mas sang penyanyi itu lho mampu membawakan lagu yang indah (Jumat, 28 Juli 2017).;positif
Banyak wahana permainan di sini. Yang paling menarik adalah Wisata Lampion. Sangat ramai setiap aphir pekan atau hari libur.;positif
Setelah berwisata siang hari, sebagai penutup anda wajib berkunjung ke batu nigt spektakuler (bns).aneka wahana telah d persiapkan utk anda yg berjiwa muda dan penuh tantangan.;positif
Banyak wahana-wahana seru disini. Ada labirin dari kaca, ada komedi putar, ada bianglala, ada kursi gantung (gag tau namanya apaan 😄)  yang bikin jantung dag dig dug dan masik banyak lainya. Kalau menjelang malam sebaiknya jangan naik wahana yang berada diketinggian. Sangat dingin dan bisa masuk angin hehehe. Tempat sangat cocok untuk keluarga.;negatif
disini dateng pas abis ujan dan malem.. dingiinn trs basah semua jd kurang asik aja.. agak nyesel sih masuk sini karna foto2 hanya pk kamera hp jd ga terlalu bagus hasilnya karna gelap;positif
Salah satu referensi tempat wisata saat liburan sekolah,banyak permainan-permainan untuk anak-anak disini;negatif
Didalamnya banyak wahana yang dapat dicoba tapi sayang sekali harus membayar lagi setiap naik wahana.;positif
Sangat menarik puas bermain arena dengan 100 rb. Banyak wahana menarik, trdapat wahana baru witch craft, robot war, perang laser;positif
"Kesini pas malam hari
Lumayan lah kayak pasar malam gitu
Hehhe
Banyak permainanya buat anak anak
Dan dewasa";positif
Waktu liburan kemarin pengen maen ketempat wisata di batu. Karna sampainya jam 8 malam, mampirlah kita ke BNS. Wahana bermainnya cukup banyak dan menantang adrenalin. Sayang tidak semua wahana kami coba. Karna bawa anak kecil saya lebih banyak menemani ke wahana bermain anak2. Namun jika ingin mencoba wahana yg ekstrim silahkan saja. Ada beberapa wahana yg cukup ekstrim disana. Tak lupa juga terakhir sebelum pulang masuk ke lampion garden nya yang terkenal itu. Overall sangat menyenangkan. Namun jangan heran jika musim liburan tiba akan susah untuk mendapatkan parkirannya. Saking asyiknya bermain, kita disana sampai BNS tutup yakni jam 12 malam 😅😅.;netral
"kami datang dan masuk menggunakan tiket biasa (bukan yang terusan) karena tujuannya cuma jalan2 dan tidak terlalu pengen pake wahana2nya

setelah di dalam, kondisinya cukup ramai, beberapa wahana antriannya sangat panjang, seperti sepeda terbang. wahana yang lain relatif sepi.

sayangnya semua wahana berbayar, harusnya sih ada yang gratis.";negatif
Kalau bisa diberikan keamanan yang ketat karena ini malam dan ramai dikunjungi oleh orang, dan juga memberi kenyamanan yang lebih;netral
"Tgl 30 Juni 2017, saya & keluarga ke BNS dgn tiket terusan Rp.100rb,- per orang.
Anak saya senang rekreasi di BNS, mayoritas wahana gratis dimainkan tapi cuma bisa 1 kali saja, ada beberapa wahana yang berbayar (diluar/tidak termasuk permainan tiket terusan, tapi yang berbayar adalah wahana permainan terbaru).
Untuk parkir kendaraan di dalam area BNS Gratis.";positif
Batu night spectaculer ada banyak lampion lampion bahkan ada miniatur menara eiffell, disini juga ada permainan macam dufan;positif
Permainan yang tersedia cukup banyak. Saat saya bermain, harga tiket masuk jumat-minggu 40k/orang, bila beli tiket terusan untuk nyoba banyak permainan jumat-minggu 90k/orang, weekdays 75k/orang. Buka dari jam 3 sore, cocoknya kesini malam hari saat lampion udah pada dinyalakan. Cakep! Cocok untuk keluarga yang punya anak remaja atau buat main bareng sama temen2 (beli tiket terusan aja). Souvenir juga banyak. Di sepanjang jalan menuju parkiran banyak tempat pijet barangkali pada pegel-pegel naik wahana :);positif
Tempat permainan anak-anak dan dewasa seperti Theme Park gitu. Yang buka sore hari hingga malam. Dingin karena udara di kota Batu dingin kalau sudah sore atau malam. Tiket masuk Rp 20.000, belum termasuk tiket permainan. Ada food court didalamnya, di dalam foodcourt ada atraksi sinar dan air di jam tertentu. Di arah pintu keluar ada seperti pasar malam yang menjual berbagai macam barang dan oleh-oleh khas kota Batu/Malang;positif
Banyak permainan yg asyik , makanan juga enak* . Permainan yg asyik itu sepeda udara . Pokoknya asyik banget . Yg belom pernah kesini wajib coba ya 😊;negatif
"BNS ini mengingatkan saya akan theme-theme park yang ada di kota-kota kecil di Amrik. Cukup lumayan, apalagi untuk kota sekecil Batu. Hawa dingin dan dekorasi lampu yang indah membuat saya cukup betah di sini. Mudah-mudahan ke depannya wahananya bisa dibuat lebih menantang, karena saya nilai wahananya kurang menantang sama sekali.

Oh ya, tolong juga tema musik diperhatikan. Jangan ngasal!! Masa enak-enak menikmati suasana malam yang indah malah iringan musiknya cuma dari organ tunggal yang mainin lagu-lagu yang (maaf) agak tidak berkelas, dan vokalisnya menyanyi dengan buruk sekali.";negatif
Bagus banget deh, dari awal masuk sampai akhir puas, cm asa beberapa spot yang kotor aja kaya bagian main babynya;netral
untuk kalian yang ingin menikmati bermain wahana permainan dimalam hari, di malang ada tempat namanya BNS, disana seperti halnya pasar karnival, saya sarankan untuk memakai pakaian tebal, karena sangat dingin;positif
Fasilitas di BNS sangat lengkap, walau beberapa fasilitas mengharuskan untuk membayar tiket terusan. Pemandangan malam nya luar biasa, taman lampion sangat cocok untuk dinikmati bersama keluarga dan orang terdekat. Tersedia pula pasar malam untuk membeli souvenir.;positif
"BNS, lokasi berdekatan dengan Jatim Park, dan buka sore-malam. isinya sperti pasar malam yang biasanya diadakan di kota kota kecil.
tapi rasakan serunya hal ini bagi pendatang dari kota besar seeperti jakarta atau bahkan dari malaysia atau luar negeri lainnya.
berbagai makanan lokal dapat dibeli di BNS.
selamat berlibur...";positif
jika ke kota batu pada malam hari sempatkanlah untuk mengunjungi tempat ini, kalau ingin sekedar jalan - jalan tempat ini masih terjangkau;positif
di malam harinya saya dan keluarga tidak lupa untuk ke salah satu objek wisata yang cukup di ramai di kota batu malang yaitu Batu Night Spectacular atau BNS, dengan harga tiket masuk yg relatif murah Rp.30.000/org utk hari senin-kamis dan jum'at - minggu Rp.40.000, di BNS banyak terdapat wahana bermain utk keluarga. bagi yg memiliki anak jgn takut karena di BNS terdapat kidszone. dengan letaknya yg sangat strategis di dataran tinggi objek wisata malang ini anda bisa menikmati pemandangan alam kota malang dan sekitarnya dgn di hiasi lampu-lampu yg gemerlap.jgn takut kalau merasa lapar karena terdapat food court juga. pokoknya kalau ke malang janga sampai terlewatkan utk berkunjung ke BNS;netral
Saya datang sekitar jam 6sore, dan kondisi di parkiran masih sangat sepi, hanya ada beberapa mobil, tp ketika pulang sekitar jam 10, parkiran sudh penuh, tidak terlalu banyak mencoba wahana permainan;positif
Tempat yang dipenuhi dengan lampu2 lampion. Banyak juga permainan2 seperti rumah hantu dan juga wahana2 untuk anak2 masih kecil. Ada juga tempat bermain seperti panah2an dan juga lempar piring. Cukup seru untuk pergi ramai2 dengan teman walaupun dengan anak2 kecil.;positif
Sangat bagus lampu lampu malam hari warna warni.  Wahananya cukup menantang rame banget apalagi pas musim libuean jadinya kurang bisa menikmati pwrmainan pwrmainan yg ada.  Karena haeus antri panjangg..;netral
Bersama keluarga ke BNS. Harga tiket masuk Rp 40rb perorang. Namun jika ingin menikmati wahana didalam masih tambah biaya lagi antara Rp 13 rb sampai dengan Rp 20 rb. Kecuali untuk arena gokart yang Rp 50rb.wahana yang menarik seperti rumah hantu dan rumah penyihir. Keren idenya. Tiket terusan 90rb perorang termasuk sebagian besar wahana permainan. Saran saya wahana diperbanyak lagi dari saat ini supaya makin menarik.ssbelum pintu keluar ada tempat berbelanja suvenir yang menarik.bahan baju2 nya lumayan berkualitas dan modelnya juga menarik. ;netral
Dari luar penampakanny okay, tapi pas masuk ke dalam biasa saja, seperti pasar malam dengan fasilitas lengkap, makanan disana standard sesuai harga yang low budget.;positif
Menurut saya BNS cocok untuk keluarga yang mempunyai anak-anak, karena sebagian besar wahananya diperuntukkan untuk anak, di taman lampionnya bagus karena lampu2 yang indah;positif
pasar malam modern dengan permainan yang baru bagus alatnya terawat tidak seperti pasar malam tradisional yang akdang sudah karatan. betah banget bermalam di BNS harus main sampai tutup;positif
Wajib banget ke tempat lampionnya klo ke BNS,,  banyak tempat2 bagus utk jadi latar foto..  (klo bs kameranya yg bs bagus foto dimalam hari)  Wahana lain juga rame, overall lebih morip pasar malem, anak2 suka di arena mandi bola,,  org tua seneng di tempat lampionTiket masuknya tidak terusan,  jadi didalem harus bayar2 lagi,   lumayan nguras kantong sih..  😁😁;positif
Tempat yang menyenangkan untuk menghabiskan waktu malam bersama teman-teman, banyak atraksi gamenya yang menarik dan seru, udaranya juga dingin dan segar, jadi wajib di kunjungi jika anda berada di Batu Malang.;positif
Berbagai area bermain yang bisa dicoba, mulai dari rumah hantu (yg cuma berisi hantu mekanik) sampai permainan perang-perangan laser. Cukup menghibur untuk mengisi waktu selama berkunjung ke Batu.;positif
BNS ini adalah tempat wisata malam yang menyenangkan bersama keluarga anda saat berkunjung ke Batu, karena didalamnya banyak atraksi untuk anda dan keluarga anda;netral
Hanya buka dari sore sampai malam hari, di hari kerja bisa masuk dengan harga tiket 30 ribu. Ketika masuk, tempatnya tidak begitu luas, sehingga wahana yang ada lokasinya terlalu dekat menurut saya. Sepertinya loaksi ini cocok untuk anak yang sudah SMP ke atas, karena wahana untuk anak kecil sanghat sedikit.  Menuju pintu keluar akan banyak terdapat kios2 yang menjual pernak-pernik dan kaos Malang & Batu.;positif
"Aku baru pertama kali kesini. Sangat puasssss. Ngga nyesel kesini... Cuma sayang ngga punya banyak waktu disini
* Batu Night Spectacular *";positif
Tempatt paling banyak di kunjungin wisatawann lokal maupun luar negerihh, batu night spectacullar show nya keren;netral
"Tempat yang cocok untuk liburan bersama anak2.
Lebih hemat kalau beli tiket yg bisa bermain semua Wahana dari pada harus beli tiket satu persatu dr wahana yg ada";negatif
"Awal awal bagus tempatnya...
Lama kelamaan ya mungkin udah kalah sama wisata wisata baru,.
Banyak wahana yang seolah kurang perhatian..";netral
Bns ini tempat untuk bermain di malam hari kalau kita pergi ke kota batu malang, terdapat banyak sekali mainan mulai dari untuk anak2 sampai orang dewasa, tempatnya memang didesain untuk tempat rekreasi keluarga, dan jam buka oprationalnya mulai sore sampai malam hari, terdapat juga tempat belanja souvenir atau oleh2 khas kota batu malang ;positif
Cocok banget buat kalian yg nyari2 wisata malam asik barenh keluarga yg ada anak2 nya. Semacam pasar malam modern gituu lohh. bNS yg paling top;positif
"Saya sengaja ambil jadwal pesawat siang dan langsung check in di Pohon Inn hotel di Batu, tanpa singgah ke Malang dulu, jadi malamnya bisa saya pake mengunjungi BNS ini, karena untuk mengunjungi Jatim Park 1 dan 2 itu masing2 butuh waktu cukup panjang sekitar jam 9-4 sore.

Di Batu Night Spectacular ini bukanya mulai dari jam 4 sore sampe malem jam 10 an.. Pas masuk langsung disuguhi wahana wahana permainan kayak di pasar malem gitu.. Tapi ya lebih bagus sih.. Trus ada food court2 dsb.. Yang paling bikin saya tertarik ya lampion nya itu jadi pas kami dateng langsung makan dulu di food court sambil nunggu lampion garden nya buka jam 6 sore..
";negatif
Expecting akan gimanaaaa gitu.. Tapi ini lbh kaya pasar malam.. ga rekomen klo bawa bayi ya, org merokok sembarangan..;netral
"datanglah kesini jam 5 sore karena lampion baru menyala kalau sudah petang.ada sepeda angin,rumah hantu,rumah magic dll. selain itu banyak permainan yang dapat dinikmati.tiket masuk ada yang terusan dan ada yang bisa.untuk masuk ke taman lampion kita membeli tiket 15k.
kalau mau menikmati semua permainan disarankan untuk membeli tiket terusan seharga 90k.";positif
"Kalau ke malang tak afdol kalo ga mampir ke BNS, Kalau kesini tidak 2 hari rasanya belum puas karena banyak wahana seru yang satu hari mungkin belum tercapai'
jadi tempatnya recomended buat Rekreasi Malam";netral
"BNS merupakan tempat rekreasi yang terletak di Batu. Uniknya taman rekreasi ini beroperasi hanya saat malam hari saja tidak seperti taman rekreasi pada umumnya.Tempat ini menyediakan
1 Wahana > tetapi tidak terlalu ekstrim
2 Dunia Lampion
2 Food Court > jangan khawatir bila kelaparan karena di BND terdapat banyak sekali stan stan makanan yang menyajikan berbagai makanan
3 Pasar > bukan pasar tradisional. maksudnya saat anda akan pulang maka anda akan melewati stan stan yang menjual berbagai macam seperti aksesoris, baju, oleh oleh dll

Sayangnya jalan untuk menuju tempat ini terlalu sempit untuk ukuran tempat wisata dan rekreasi. Pada hari tertentu seperti libur panjang tempat ini akan sesak sekali karena taman rekreasi kurang besar dan kemacetan akan anda rasakan saat berjuang menuju tempat ini";positif
"kalau mau ke sini sebaiknya menjelang malam, karena lampu2 taman bermainnya akan terlihat indah dan dari kejauhan juga akan terlihat kerlap kerlip lampu kota Malang.
Mainannya hampir mirip seperti di Dufan, tidak terlalu luar biasa, tetapi dengan tiket terusan seharga 90rb, lumayan banget untuk dicoba. oyaa... buat yang bawa anak kecil di bawah 5 tahun, mainannya lumayan, kaya di mall, dan bisa sepuasnya.
yang menarik dari semuanya menurut saya hanya taman lampionnya, bagus buat spot foto2 saat malam hari.";positif
Yang membuat saya menyukai tempat ini karena banyaknya wahana. Meskipun tiap wahananya kita diharuskan membeli tiket kembali selain tiket masuk tapi culup menyenangkan.;positif
Sangat direkomendasikan untuk berkunjung saat malam hari dan masuk ke area lampion karena disana akan sangat indah untuk dijadikan tempat berfoto;positif
Bagus, seperti dufan kecil, banyak wahana permainan yang bisa dinikmati bersama teman dan keluarga , juga ada foodcourt kalo capek dan pengen makan dan juga bisa belanja2 karena ada outlet dekat pintu keluar.;positif
menarik sekali bisa berkunjung kesini, wahananya banyak dan menarik dan cukup edukatif, untuk tarifnya pun standar, cocok untuk liburan keluarga dan anak anak karena banyak wahana prmainan yang bagus disini;negatif
Untuk parkir kurang nyaman, untuk pelayanan kurang juga, untuk permainan bagus walaupun waktu tunggunya lumayan lama, dan untuk tempat makan yg disediakan cukup baik.;positif
Tempat yang menarik untuk berlibur karena banyak permainan yang tersedia , atau kalau tidak mau bermain , cukup membeli makanan atau minuman yang banyak tersedia di tempat tersebut , buka sampai larut malam .;negatif
"Carnival.. Pasar Malam, menyajikan beragam permainan untuk anak dan remaja... juga orang tua yang bernyali .. hihihihi ( saya sendiri hanya memilih duduk menikmati taman lampion)
hanya saja pas musim liburan.. jalanan macet karena , kapasitas jalan tidak sesuai dengan animo masyarakat yg datang.
perlku diperlebar atau dibuat alternatif..
parkir juga sulit.
jadi Kalau datang.. jangan disaat yang tubuh sudah letih...";positif
Meriah di malam hari. Cahaya dari lampu yang di hias berwarna warni, menjadi daya tarik sendiri apalagi untuk anak anak. Senang dengan wahana, dari anak anak, remaja dan orang tua bisa menikmati;negatif
Bagi yang ngelencer bersama keluarga mungkin cocok aja, tapi jika bersama teman-teman koq kayaknya kurang pas yah.. terkesan hanya untuk hiburan anak-anak saja;positif
ini lagi hits dikota BATU, semacam pasar malam.. tapi tempat ini patut dikunjungi jika kalian di Jawatimur.;positif
Setelah mengunjungi Jatim Park 2 kami lanjut ke Batu Night Spectacular (BNS), kami hanya membeli tiket masuk saja tidak tiket terusan. Suasananya seperti pasar malam yang dilengkapi aneka permainan dan tempat makan. Menuju pintu keluar ada toko cinderamata yang menjual aneka kaos dan oleh-oleh lainnya.;netral
"Tiket masuk weekday non terusan Rp.40K, masuk wahana lampion tambah Rp.15 K, masih excited mengunjungi ke-2 x, setelah 6 tahun lalu, ada arena wahana baru, tapi sayang lokasi utama menjadi sempit terbatas, tak seluas 6 tahun lalu, lampu lampu yang dihiasi aneka bentuk lampion bertambah variatif, favourite foto Angsa besar, butuh skill photography. Hanya 30 menit seluruh area lampu sudah selesai dikelilingi. Masuk rumah kaca lumayan lucu, tertabrak kaget.
Wahana Gokart, terlihat seru.
Malam itu 8.1.2017 sekitar 21~22:15pm diiringi live music di food market, membeli,mengisi kartu top up, kami duduk dimeja tengah luas antara panggung besar tinggi tempat live music jazz, sambil makan, pilihan menu mie kluntung rasa manis, mie rebus jogja rasa pedas, milo panas, harga standard.
Para keponakan membeli cenderamata sendal jepit Rp.10 K, di kios arah pintu keluar dan Boneka hewan diarea dalam BNS.
Bersyukur cuaca cerah, tidak begitu dingin.";positif
Tempat rekreasi untuk keluarga dan teman permainan yg lumayan bervariasi penjualan souvenir yang ber anekaragam;netral
Kalau dilihat konsepnya seperti pasar malam yang lebih terorganisir dimana ada aneka permainan dan juga dilengkapi dengan tempat makan dan tempat souvenir. Anak-anak lebih suka untuk naik bombomcar dan komidi putar lalu foto-foto di taman lampion dan trick eye gallery. Disarankan untuk beli tiket terusan karena terhitung jauh lebih murah.;netral
datang dengan gelang sakti 2 hari 375 rb buat se jawa timur park...... saran sata mending beli tiket terusan saja 100rb.. permainan banyak.... lampion garden cakep.... food cour cuakepppp dengan pertunjukan air mancur menari kalau jam stgh 9 plus layar terpanjang tyang tepat diatas kita menghadirkan film pendek...;positif
Untuk wisata malam BNS lumayan juga. Banyak wahana ditawarkan tapi lebih cocok untuk anak dengan tb diatas 120cm. Jadi kalo keluarga dengan bayi 20 bulan seperti saya cukup menikmati kemeriahannya saja. Wahana yang kami coba hanya mini train, sepeda gantung, dan lampion garden. ;positif
"Sebuah konsep yang berbeda ditawarkan BNS, karena menyajikan sajian hiburan di malam hari. Lampu-lampu yang bercahaya indah ditambah dinginnya suhu kota Batu di malam hari membuat suasana bermain semakin seru dan menyenangkan.

Cobain yang namanya gravitron sama sepeda goyang atau terbang apa ya namanya. Itu seru dan menantang banget. Rumah hantunya nggak serem! Haha..";netral
Tempat sih ga tll istimewa. Tp memang indah kl dtg mlm. Saran ;positif
Benar-benar spekta untuk kawasan wisata yang buka malam hari. Wahana permainannya banyak yang memacu adrenalin dan selalu ramai. Favorit rumah hantu tapi saya tak cukup berani hehe;netral
Nice place. Akan tetapi kurang dapat menikmati karena kurang banyaknya permainan untuk anak umur 7-10. Akan lebih bagus jika ditambah taman yg banyak serta permainan yang memadai.;positif
BNS merupakan tempat wisata dengan ragam wahana permainan baik untuk anak-anak maupun dewasa..Tiket masuk tidak terlalu mahal kok..hanya 30 rb, tapi jika ingin menikmati semua wahana permainan ada juga tiket terusan kok..gak terlalu mahal juga kok kisaran 100rb-an..hanya saja jika sudah naik di salah satu wahana tidak bisa untuk naik lagi wahana tersebut di kesempatan lain, tapi tenang..masih banyak wahana permainan lain kok yang seru yang menantang andrenaline..makanan dan minuman dari luar tidak diperkenankan dibawa masuk..;positif
Berkunjung di musim liburan sekolah, keramaiannya luar biasa. Namun tidak perlu menunggu lama untuk bisa menikmati wahananya. Petugas akan memeriksa berkali kali untuk memastikan keamanan pengguna wahana. Beberapa wahana mensyaratkan tinggi badan diatas 85 cm. Cocok untuk remaja dan anak muda namun tetap ada untuk orang dewasa. Buat anak anak juga ada. Disarankan tiket terusan untuk dewasa dan tiket masuk saja buat anak anak dengan tinggi 85 -120 cm.;positif
"Bisa berkunjung kesini juga setelah gagal mampir waktu visit malang sebelumnya. Ragu beli tiket terusan (100rb) karena curiga akan sedikit wahana yg akan dinaiki, dan beli lah tiket masuk aja (40rb) dengan estimasi bakalan lebih irit kalau nantinya beli tiket per wahana aja (tiket perwahana berkisar 10-15rb).
Dan ternyata salah perhitungan!! 😕😕
Wahananya cukup banyak yg menarik, dan setelah berhitung mendingan beli tiket terusan aja.. 😑😑 Gravitron jadi salah satu wahana yg wajib banget dicoba, peminatnya dikit karena entah dipikirnya pusing liat puterannya yg luar biasa atau apalah.. tp yang pasti itu seru banget..
Well, karena udara malang yg cukup adem kayanya baju panjang or maybe jaket would be a nice idea selama naik wahana, biar gamasuk angin.. 😆😆";negatif
Wahananya tak terlalu banyak, namun harga tiket terusannya lumayan mahal, terutama disaat weekend. Demikian juga dengan harga kuliner dan bermacam oleh-olehnya, juga mahal;positif
Tempat yang sangat cocok untuk liburan sekeluarga. Cuma sayang klo longweekend macet habissss!. Klo mau nginap byk home stay bertebaran jangan beli online homestayx, langsung saja datangi t4x krn klo beli ol 2x lipat hargax.;negatif
Bns. Apiklah. Ada lampion garden. Ada 4 dimensi trick art. Ada kursi terbang. Permainan laser.  Siplah. Di bali baru dibikin kayak ini. Tapi skala yg lebih kecil krisna fantastic land;positif
"Saya pikir BNS akan se-spektakuler namanya, tapi nyatanya hanya seperti ""pasar malam"". Playground anak isinya mainan2 ""bekas"" yang beberapa sudah tidak berfungsi, beberapa tidak terawat.
Ada beberapa wahana yang menarik untuk dicoba seperti taman lampion dan wahana sepeda yang diputar2 di udara (saya lupa namanya).
Satu lagi, jika berkunjung kesini bisa dicoba pijat kesehatan di pintu keluar BNS. Pijatannya mantap bikin pegel2 ilang. Harganya 10rb/10 menit.";netral
"Disini tempatnya bagus saat malam
tempat permainannya juga asik2
lampion2nya kereeeeeeeeeeennnn😍
tapi sayang untuk rasa makanannya kurang enak😥";negatif
Area permainan untuk anak-anak, jika pengunjung dari kota besar seperti Jakarta tidak disarankan kesini karena menjadi biasa... Dikenakan biaya tiket namun mayoritas ermainan yang cukup menarik harus berbayar diluar biaya tiket. Lampu-lampunya cukup terang dan meriah di malam hari.;negatif
Tempat ini buka di sore sampe malam hari yg menyajikan permainan terutama untuk anak2, bagi turis yg berkunjung ke batu tempat ini cocok buat keluarga disini anda bisa bermain sambil mencari oleh2 buat sanak saudara karena ada gedung khusus tempat suvenir, cuma sayang permainan lampu lasernya hanya bisa dilihat jam 21 WIB...;positif
BNS adalah tempat wisata yg wajib di kunjungi, wahana yg di buka saat sore hari hingga larut malam. suasana malam yg dingin terlihat gemerlap lampu pemukiman penduduk. ada banyak wahana permainan di sana, mulai untuk anak2, remaja, hingga dewasa. sekitar pukul 9 di area foodcourt kita bisa melihat pertunjukan air menari dengan permainan cahaya yg indah, dan langit2 foodcourt yg menjadi layar saat pertunjukan di mulai.;positif
Yang paling saya suka yg taman lampion, unik, banyak bentuk dibuat dengan dipasang lampu lampu. Masuknya murah hanya 30 ribu tapi setiap masuk wahana bayar lagi.;positif
mengisi malam di batu malang dengan permainan kayak di dufan, walaupun tidak selengkap dufan... wahana tidak terlalu besar, foodcourt makanannya kurang enak.. banyak penjual cenderamata.. lampion-lampion besar kurang terpelihara...;negatif
"BNS bagus loh.. Kamu wajib main ke tempat ini kalo kamu ke batu..
Bukanya sore hingga malam..
Permainannya seru2.. Tapi yaa karena saya bawa anak balita jadi sayang kalo beli tiket terusan.. Karena kan ga semua permainan bisa dikuti anak balita..
Malam2nya skitar jam 9 ada pertunjukan air menari.. Dengan permainan cahaya.. Keren bgt deh.. Panggungnya ada di foodcourtnya kita bisa menikmati pertunjukan sambil makan&minum..
Dan langit2 foodcourtnyapun berubah menjadi layar yang indah saat pertunjukan berlangsung..";netral
"Pertama kali ke Batu Night Spektakuler karena penasaran denagn Taman lampionnya yang katanya bagus (dan ternayta memang bagus sih ahahha). selain itu dekat dengan penginapan, hanya berjarak 100 meter saja.
masuk dengan menggunakan tiket terusan 100 ribu rupioah sudah bisa menaiki hampir semua wahana kecuali trampolin, gokart dan saya lupa apalagi namanya :D.
pertama kali masuk suasananya mirip sekali dengan pasar mlaam hanya saja ini lebih lengkap wahananya dan lebih menantang adrenalin. saran saya kesini coba naik wahan Sepeda Angin, UFO dan Ontang - anting. cool bikin Jackpot!

selesai bermain wahana, tidak ada salahnya mengunjungi taman lampion yang masih berada dalam satu kawasan sini. kalau anda tidak membeli tiket terusan, anda akan dikenakan biaya sebesar 20.000 rupiah. disana anda dapat menyaksikan ratusan pasang lampion yang dibentuk dengan berbagai macam karakter dari mulai tokoh kartun, tanaman hingga sebuah istana yang megah.
jangn lupa berfoto di lampion berbentuk teratai raksasa di tengah kolam yak !";positif
Wisata malam di batu yang wajib dikunjungi.. Banyak mainan seru yang harus di coba. Dari mainan anak kecil sampai dewasa. Juga banyak penjual sovenir n oleh2.;positif
"awesome.
pemandangan indah kota batu di malam hari bisa dilihat di sini.
sayang, kalau mau main wahana masih harus bayar lagi";positif
Tempat hiburan yang cukup unik di Kota Batu. Sayangnya saat datang kesini sudah sangat kemalaman sehingga tidak bisa menikmati semua hiburan yang ditawarkan. Wahananya cukup menyenangkan walaupun tidak terlalu variatif.;positif
"ini adalah wisata malam hari, menikmati lampion lampion yang berbentuk bermacam karakter, mulai dari miniatur landmark kota kota di dunia juga karakter karakter kartun.

selain lampion di BNS juga menyediakan berbagai macam wahana permainan mungkin kalau di jakarta seperti dufan";positif
Bns merupakan salah satu tempat rekreasi malam hari di batu malang. Konsep yang diusung oleh bns seperti pasar malam tetapi sudah dikonsep secara modern, tapi bagi kami bns kurang cocok untuk anak balita, karena biasanya si kecil sudah lelah dan waktunya tidur malam sehingga kurang bisa mengexplore BNS;negatif
Mengunjungi Batu tak lengkap jika belum mengunjungi BNS, tiket masuk 30rb, tetapi jika ingin mencoba permainannya maka saya sarankan untuk membeli paket terusan seharga 100rb. Favorit saya adalah lampion garden dan sepeda udara dimana kamu bisa melihat kota batu dimalam hari dari ketinggian (tidak disarankan jika memiliki phobia ketinggian).;positif
Tempat wisata yang ada dikota batu yang buka sore sampai malam hari dengan arena main dan ujian adrenalin;positif
Bentuk lampion-lampion yang unik dan beberapa wahana wisata yang menarik, sangat cocok mengajak anak-anak berlibur.;positif
terkesan seperti pasar malam, dan kurang ada variasi di dalamnya.. sebagian juga ada beberapa yg sudah kurang bagus;negatif
Destinasi hiburan pada malam hari yang cocok buat keluarga dan anak anak,sarananya lengkap dengan permainan yang menguras adrenalin,sayang dilewatkan ketika anda berkunjung ke Batu,belanja oleh oleh juga bisa disini,di halaman depan ada jangung bakar yang bisa pilih rasa pedas atau gurih.;positif
Biaa disebut malam yg indah di kota batu utk membawa anak istri berlibur,udara dingin banget bagi yg membawa anak pastikan membawa jaket,karna udara dingin bingit,air mancur nya mantap menari nari,makanan nya enak pol;positif
gak nyangka di kota kecil seperti batu bisa mengelola taman hiburan yang apik dan tematik unik dan tidak m3nggelitik kantong alias Murmer tapi gak murahan..paling seneng ke taman lampion nyaa karna bisa menikmati bersama keluarga;positif
tempat yang lumayan bagus untuk wisata malam di Malang bersama keluarga tercinta, persiapkan jaket jangan lupa dikarenakan udara malam Malang yang cukup dingin, lebih baik datang lebih awal agar cukup puas menikmati semua wahana yang tersedia.;positif
Berbagai macam permainan yang menantang andrenalin dan konsep lokasi yang menarik untuk di kunjungi.tiket masuk yg terjangkau serta permainannya;positif
Permainan cukup banyak dan lumayan menghibur jika membawa anak anak yang masih kecil.. peremajaan wahana perlu dilakukan .. harga cukupbersahabat;positif
wisata ditempat ini cukup menyenangkan, banyak permainan anak sehingga anak saya cukup senang kemari, setelah ini banyaknya lampion yang bagus-bagus cocok untuk berfoto keluarga atau yang berpasangan, tontonan air mancur menari juga cukup menarik perhatian.;positif
Lokasi berdekatan dengan tempat makan dan penginapan. Spot foto yang disediakan cukup beragam. Saya masih belum mencoba wahana yang ada disekitar BNS, semoga dilain kesempatan bisa mencoba. ^^;positif
"Karena gembar gembor tempatnya yang unik, saya coba kesana dan ternyata ga terlalu mengesankan. Ada wahana-wahana seperti di Dufan tapi lebih cocok untuk anak remaja atau anak kecil.
Serunya di tempat lampion sih, disana bisa foto-foto, tapi bagusnya jangan terlalu malam kalau kesini karena kalo pakai kamera handphone, objeknya suka ga kelihatan.
Agak mahal ya untuk ukuran tempat wisata seperti BNS begini...";negatif
"Ini ""pasar malem"" yg paling keren yang pernah dikunjungi selama ini. Bagus banget, dari mulai buka sampe mau tutup gak bosen-bosennya ngabisin waktu disini, sampe ada gokartnya juga, tapi tetep, taman lampion nya juara.";positif
Tiket yang anda beli tidak terusan, atau dengan kata lain anda harus membayar / membeli tiket lagi bila ingin memasuki wahana2 tertentu.;netral
Tempat ini seperti taman bermain di malam hari, Wahana permainannya cukup menarik untuk keluarga, khususnya anak dan remaja. Untuk wisatawan senior cukup bisa menikmati pemandangan lampion-lampion (lampu warna-warni), sambil berfoto (selfie);positif
"Tempat ini romantis..
Lampionnya keren..
Permainan juga lumayan, tapi harus bayar lagi..
Makanan lumayanlah..";positif
"Suka banget dengan lampion lampionnya.
wahana permainannya juga oke, pas deh buat jalan2 malam di batu, baiknya beli tiket terusan karena wahana permainannya lumayan koq.";positif
Taman bermain yang menarik, lebih ekonomis membeli karcis terusan untuk menikmati wahana permainannya. Taman lampionnya bagus untuk spot foto.;positif
"Utk theme park sih lumayan permainan nya.. kalo mau main ya mending beli tiket terusan...
Trus main nya seru kalo pergi bareng rame temen2.. kalo sama anak kecil susah... trus lokasinya agak ribet pake stroller..
Utk yg recommend buat dikunjungin taman lampion and trick art museum..

Yg paling nyebelin di lokasi ini adalah org bebas ngerokok seenak jidat nya... bahkan di area tertutup";negatif
Hanya dengan 30rb sudah bisa menikmati wisata malam yang sangat indah, banyak permainan mulai dari yang ekstrem sampai yang biasa saja. Lampionnya sangat indah!;positif
Cocok buat anak muda, udara batu malang yang sejuk jadi betah berlama2 . Tapi untuk pilihan makanan didalam lokasi sangat kurang bervariasi;positif
BNS memang cocok dikunjungi untuk wisata malam. Namun ketika tiba disini, jauh dari ekspektasi saya. Wahana nya kurang menarik bagi saya, kecuali go cart nya. Bagi anda yang sudah pernah menyaksikan taman lampion sebelumnya mungkin akan merasa biasa saja. Begitu juga air mancur menarinya juga tidak istimewa. Namun, pantas dicoba berkunjung ke sini.;positif
tempat yang patut direkomendasikan untuk wisata malam di kota Batu, banyak aneka permainan ditempat ini baik permainan untuk orang dewasa maupun untuk anak anak, yang saya suka dari tempat ini adalah  istana lampion yang tampak menarik dan menyala ditengah malam;positif
Opsi tambahan jika ingin jalan jalan malam dikawasan sekitar Batu Malang, banyak wahana permainan memacu adrenaline di BNS tiket masuk cukup terjangkau, lokasinya tidak jauh dari lokasi tempat wisata lainnya di Batu Malang.;positif
BNS cocok untuk berkunjung saat malam hari. Karena di malam hari suasana lampu - lampu akan terlihat dan sangat indah. Di BNS tersedia berbagai macam wahana mulai dari yang biasa - biasa hingga yang ekstrem. Selain tempat wahana disini juga tersedia food court, tempat perbelanjaan souvenir khas Kota Wisata Batu serta menjual Ole - Ole khas Kota Batu yaitu keripik yang terbuat dari buah - buahan segar.;positif
disini ditawarkan berbagai macam wahana permainan, tapi sayangnya alat yang digunakan dipermainan agak terlihat usang, tetapi tetap seru, disini ditonjolkan adalah wisata lampionnya , harga tiketnya pun murah;positif
semakin malam makin bagus karena lampu warna warni menyala indah, bisa sekedar jalan-jalan dan bermain, karna tidak main seluruh wahana, kami pilih beli tiket masuk saja. Di dalam kami baru beli tiket untuk beberapa permainan yang kami suka. Ada juga pertunjukan air mancur menari (free) di area food court malam hari sekitar jam 8 malam (ada beberapa kali show);positif
pertama berkunjung ke sini bener bener luar biasa, konsep hiburan keluarga dan lengkap, ada sekitar 20 wahana yg patut di coba dan food court yang luas dan setiap mlam ada pertunjukan;positif
Waktunya lebih banyak habis di taman lampion, karena yg lainnya wahana permainan utk anak-anak, tidak sempat masuk ke gallery 3D art, satu spot lokasi tp beda2 tiket masuk.;netral
Atraksi permainannya menarik dan banyak yang ekstrim, pilihan untuk anak-anak yang tidak menyukai permainan ekstrim cukup sedikit sehingga kami hanya lewat saja.  Kulinernya juga kurang bervariasi.;negatif
DI siang hari lokasi ini sangat sepi dan tidak menarik,ttp beranjak malam,berubah mnjadi pusat keramaian wisatawan di Batu...tiket bisa beli yg terusan ( kecuali utk beberapa wahana) atau hanya beli tiket masuk saja...konsepnya seperti dufan sih hanya saja aktifnya malam hari,dan wahana permainannya tidak sbanyak dufan,tp ada beberapa wahana yg menarik seperti rumah lampion yg memang sangat cantik di malam hari krn permainan sinar lampu;netral
Tujuan lanjutan setelah siang hari berkeliling di area Malang, lokasi buka di sore hari dengan lampu lampu hias di sepanjang area BNS. dapat melihat pemandangan sore hari kota Malang dengan naik sepeda udara. Harga tiket lumayan bersahabat, saran saya ambil tiket terusan saja karena lumayan beda harga tiap wahana permainannya. Tujuan pertama saya wahana sepeda udara supaya dapat melihat pemandangan sore langit Batu, kemudian taman lampion dll;netral
bagi anda yang mengunjungi BNS pada malam hari, jangan lupa untuk mengunjungi taman lampion yang sangat cantik. dan bagi kalian yang ingin berwisata dalam waktu 1-2 hari dan ingin keliling jatim park juga. lebih baik membeli tiket terusan yang lebih hemat;positif
kalau malam hari bisa ajak keluarga ke BNS untuk menikmati permainan yang ada disana. Bisa juga sekedar makan atau foto2 di taman lampion;positif
Salah satu tempat favorit juga karena ada Taman Lampion. Tempat wisata ini hanya buka malam hari. Wahana lumayan banyak.;positif
BNS merupakan taman rekreasi yang mempunyai beberapa wahana keren, dimana anak-anak dapat bermain sambil belajar , ketika anak-anak anda datang kesini mohon pengawasan dari orang tu karena terlalu ramai sehingga banyak orang tua harus kehilangan anak-anaknya..;positif
BNS mulai buka pk 15.00 hingga pk. 24.00. tarif masuk cukup terjangkau, namun untuk masuk ke setiap permainan harus kembali membayar. Terdapat banyak wisata kuliner di depan BNS. Sangat cocok untuk keluarga yang ingin menghabiskan waktu malam bersama anak sambil menikmati dinginnya kota Batu.;netral
"Area cukup luas, perlu waktu minimal 3 jam untuk memutari serta menikmati permainan yang tersedia. Terdapat food court dengan pilihan makanan yang cukup bervariasi, harga sedikit lebih mahal dibandingkan rumah makan diluar namun masih terjangkau. Terdapat pasar malam yang menjual berbagai jenis oleh2 / souvenir serta pakaian, jadi tidak perlu repot ke tempat lain untuk membeli oleh2.
Bila berminat untuk main smua atraksi lebih baik beli tiket terusan seharga 100 rb rupiah";positif
Arena bermain anak n dewasa yg murah menarik nyaman dan bersih. Makanannya euenak dan murah, foodcourt pilihannya sangat banyak. Shownya menarik. Mainannya ganti2. Karcis murah, mulai 7000-20000tembak-70000 utk gokart. Anak2 sangat suka kesini.;positif
"BNS bisa diblang mini Dufan Jakarta, permainannya menarik cuma kalo hujan kelar acaranya.
Kekurangannya makanan di tmpt mkn gk ada yg enak, standard semua.
Karena lg puasa harganya gk terlalu mahal.";positif
Saat di kota batu dan malam gak tau mau ngapain..langsung merapat kesini dan anak saya menikmati beberapa wahana dan sayangnya food stall disana rata rata masakan nya kurang enak padahal harga cukup mahal..;netral
"lokasinya dekat pusat kota Batu, biaya masuk yang terjangkau, dengan fasilitas permainan yang banyak
disarankan datang pada malam hari utk menyaksikan lampu lampu lampion";positif
"Tidak perlu risau untuk melawan dinginnya malam di Kota Batu. BNS adalah tempat asik seru-seruan bareng teman dan keluarga. Sobat bisa menikmati berbagai macam wahana permainan yang menarik, berkunjung ke rumah cermin (gratis) maupun sekedar menikmati indahnya lampion di malam hari.

Beberapa wahana juga menawarkan sensasi yang menggenjot adrenalin sobat lho. Sebut saja Sepeda Udara. Kita akan melewati trek di atas bangunan dan mendebarkan. Bagi yang suka spooky spot, sobat bisa mencoba rumah hantu. Atau yang paling hobi berfoto, bisa masuk ke museum 3D yang menawarkan banyak sekali gambar 3D yang mengasah kreatifitasmu.";positif
Salah satu taman hiburan yang bisa kita kunjungi saat singgah di Kota Batu.Yang membedakan BNS dari taman hiburan lainnya adalah jam bukanya di sore hari sampai malam hari. Bagi yang suka  ber-selfie ria maka taman lampion adalah tempat yang cocok untuk Anda. Bagi yang suka horor maka silahkan berpetualang di rumah hantu. Bagi yang suka permainan yang memacu adrenalin banyak pilihan permainan yang bisa Anda coba di BNS. Jangan lupa Cinema 4D nya, dijamin seru.;positif
"Semua wahana patut di coba walau tiap wahana masih harus melakukan pembayaran tp masih wajar harganya
Sayang saat hujan beberapa wahana tidak beroperasi";positif
Kalau mau kesini, mau pake tiket terusan lebih murah bagi yang suka main-main wahana yang ada, tapi jika cuman menikmat malam saja mendingan beli tiket masuknya aja;positif
untuk anda yang masih remaja & senang permainan, ini tempat yang mengasikan. taman lampion nya juga bagus, layak untuk di kunjungi;positif
"bayangan kami dari melihat review2, tempatnya cukup menakjubkan...
ternyata merupakan kawasan wisata bermain yang mirip2 dufan, hanya lebih kecil dan lebih sedikit permainannya...
untuk lampion2 lumayan bagus, tapi apabila bukan memakai kamera profesional, hasil photo yang didapat tidak seindah yang dibayangkan";netral
Kalo masuk kesini mending beli tiket terusan (include wahana permainan)bagi yg pengen maen2 wahana permainan.. soalnya kalo engga jatuh nya lebih mahal karna 1x wahana permaianan rata2 13.000-15.000;netral
Tempat hiburan ini buka pada malam hari, banyak permainan2 yaa kurang lebih seperti Surabaya Night Spektakuler lah, harga tiket sekitar 60an(pd waktu itu);netral
jika kamu ingin wisata di malam hari maka datanglah ke BNS Batu Malang, letaknya dibawah gunung Panderman. Hawa dingin berubah menjadi panas karena sesaknya pengunjung yang mencari hiburan malam. banyak wahana yang membutuhkan adrenalin disini. Pas dijam 21.00 dan 23.00 ada pertunjukan air mancur bergoyang silahkan mencoba....;positif
Cocok bersama pasangan, terutama di lampion garden nya.. So sweet Namun jenis makanan yg disediakan tdk terlalu istimewa, disarankan utk lebih diutamakan menu khas daerah agar lebih menambah kesan ;positif
Wahananya banyak, hanya semua berbayar,,Paling suka di lampion garden, ada eiffel mini, petronas mini,dll.. Banyak spot buat poto2..;positif
Wahana ini ada di kota batu malang. Lokasi nya berdekatan dengan tempat wisata lain di batu seperti museum angkot dan wahana permainan jatim Park. Tiket nya dipisah antara tiket masuk dan tiket terusan. Tiket masuk 40 rb dan tiket terusan jadi 100 rb. Kalo di hitung lebih hemat membeli tiket terusan karena di dalam banyak wahana yang sekali masuk Minimal 15 rb. Di dalam wahana banyak permainan yang memacu adrenalin,, bisa di bilang isinya seperti mini dufan.;netral
Tempat yang bagus, penuh dengan berbagai  permainan, untuk anak, remaja dan dewasa juga ada.  Tempat ini dirancang dengan konsep seperti pasar malam. Hanya sayang tidak dibuat tiket terusan, untuk semua permainan termasuk masuk ke rumah lampion. Dengan adanya tiket terusan akan memudahkan konsumen, sehingga tidak berulangkali membayar dan membeli tiket.;positif
Bagi kalian yang suka main wahana sedikit ekstreme boleh coba ke tempat ini.... bisa foto dengan gambar 4D dan laen laen;positif
Tempat ini bagus, sangat bagus. wahana yang disediakan keren. dan murah di kantong HTM nya. cocok untuk anak2 dan dewasa. destinasi nya juga tidak terlalu jauh dari alun-alun kota batu;positif
banyak wahana bermain dan ramai pengunjung apalai di hari libur.. hanya saja semua wahana berbayar. Masuk ke rumah lampion juga harus bayar....sehingga agak berat juga jika bawa banya anggota keluarga;positif
menikmati berbagai wahana permainan baik utk anak-anak maupun dewasa yg memacu adrenalin. Lampion Garden dengan suasana romantis ditambah udara yg dingin sangat berkesan. Foodcourt dg sajian live music dg berbagai macam menu makanan yg ramah di dompet.;positif
Ditempat ini terdapat food court restaurant denga acara special di malam hari, serta terdapat juga toko toko kecil dan taman bermain yang lumayan besar di tempat ini.;positif
"wahana malam yg asyik, terutama Tempat Lampion cocok untuk berfoto-foto ria..
harga terjangkau, cocok untuk bermain bersama keluarga maupun dengan pasangan tercinta..
wahana permainan sangat seru dan membuat liburan menjadi sangat menyenangkan...";positif
"Saya dan kelurga kalau ke Malang pasti meyempatkan main di BNS.
Untuk tiket yang murah dan banyak permainan yang baru juga.
Tapi sayang banyak permainan yang tidak beroperasi. mungkin sedang perbaikan atau memang kurang banyak peminatnya.
untuk tiket setiap permainan kok semakin tahun semakin mahal heheh, jadi cuma beberapa saja yang bisa di coba.
kalau di bandingkan dengan Jatim Park 1 atau 2, BNS masih termasuk mahal kalau kita main banyak permainan siii. tapi kalau cuma sekedar masuk dan menikmati malam di Batu cukup murah untuk tiket masuk.
lokasi dekat dengan Jatim Park 2 atau Secret Zoo";positif
WOOWWW dingiiiinnn. Sebagai warga Jakarta yang membutuhkan udara sejuk ke Batu merupakan pilihan tepat. Belum ke Batu kalau belum ke BNS. Ada banyak sekali permainan disini. Yang paling berkesan tentu saja sepeda angin yang bisa membuat kita melihat CITYLIGHT!!!!! di beberapa spot lintasannya. Sebisa mungkin datanglah pas lagi bukan musim liburan. Biar bisa puas :)));positif
Layaknya pasar malam pada umumnya. Buka dari sore hari hingga malam hari. Banyak wahana disana termasuk permainan gokart. Beli tiket terusan untuk merasakan semua wahana. Lokasi favorite untuk berfoto ria adalah taman lampion dan 3d arts gallery. Terdapat pilihan food court dan café.  Harga masih sangat terjangkau. Hanya saja parkiran yang kurang luas untuk musim liburan mengingat banyak nya bis yang parkir.;netral
Rame Seru Asyiik,Cuma Klo Bisa Tiketnya Dibuat Include Smua permainan...jadi ga terkesan terlalu mahal setelah habis main ke BNS,Karena Tiket Wahana Terpisah Lagi Dengan Tiket Masuk....Over All asyiik Sih;netral
Jika anda ingin berkunjung kesini sebaiknya dilakukan setelah matahari terbenam, karena sesuai judulnya Batu Night Spectacular (BNS), tempat ini akan terasa spketakuler pada malam hari. Pada umumnya tempat ini adalah taman bermain seperti pasar malam tetapi lebih besar dan lebih permanen. Harga tiket masuk cukup terjangkau, karena saya berkunjung pada weekdays maka cukup membayar 30 ribu rupiah saja untuk tiket masuk, dan jika kita ingin mencoba beberapa permainan maka kita diharuskan membayar lagi yang harganya bervariasi antara 10 sampai 15 ribu rupiah, dengan pengecualian Gokart dan Rumah Lampion yang lebih mahal, atau kita dapat membeli tiket terusan seharga 100 ribu rupiah dan dapat mencoba seluruh permainan (dengan beberapa pengecualian). Permainannya ada yang untuk anak-anak sampai dengan yang cukup berbahaya dan memacu adrenalin. Ingin bermain di taman bermain yang terjangkau dan cukup lengkap, disinilah tempatnya.;positif
"wisata ini merupakan wisata malam hari karena paling cocok dan bagus dilihat pada saat malam hari sebab cahaya lampu yang berkilau dimana mana itu yang menjadi daya tarik utama wisata ini , ada juga wahana permainan atau pun wahana tantangan tetapi kurang terawat dan ada juga go car tetapi kurang bersih terutama helm nya.
ada ticket terusan dan juga ada ticket masuk aja nanti kalau ingin masuk di tempat tertemtu harus bayar lagi.
secara umum wisata ini lumayan ramai";positif
Nice place tapi hindari berkunjung ketika liburan karena kemacetannya luar biasa. Disini ADA banyak wahana permainan Dan taman lampion yg bagus untuk sesi pemotretan;positif
Bns sangat menarik dan bagus sekali,jika kita berada disini kita akan dibawa menikmati malam sambil berfoto ria di lampion garden dan kita juga dapat menikmati permainan2 yg menarik dan disini juga terdapat pusat oleh2 juga,jadi tidak usah pusing2 membeli oleh2 dibatu jika kesini;positif
Wisata malam hari menjadi lebih variatif dengan adanya Batu Night Spectacular.... Alternatif bagi keluarga yang ingin menghabiskan malam bersama.... Fasilitas lengkap dan lokasi mudah dijangkau.......;positif
"Banyak mainan baru, sangat seru.
Bayar tiket terusan lebih irit, banyak spot untuk foto-foto bagi yg narsis.
Variasi makan aja yang kurang.
Tapi suasana sangat menyenangkan";positif
"BNS merupakan pasar malam versi modern, dengan beragam permainan dan atraksi serta makanan. yang paling populer adalah lampion2 yang sangat cantik :)
Kalau weekend / hari libur sangat ramai dan penuh.
Tiketnya ada terusan dan lepasan, apabila lepasan kita harus menambah di tiap wahana permainan.
";positif
Satu lagi dari kota Batu, siang sudah ke wahana yang lain, waktunya malam hari bisa menikmati hiburan di BNS, pokoknya one stop Vacation deh...seruuu abisss........;positif
Bagus banget suasananya, warna-warni lampu, wahana-wahananya jg bagus.. yang paling suka pas foto-foto di lampion. Cmn sayangnya banyak wahana harus bayar lagi dan beli tiket lagi, itu yang bikin agak repot.;negatif
Seperti wahana permainan lainyya, ada lampion, go kart, dan berbagai macam jenis permainan lain yang menarik. BNS buka mulai sore hari, hawanya dingin , menyenangkan sekali. ada dancing water dan berbagai hal lain yang patut dicoba.;positif
Saya sekeluarga ke BNS cuma sayang  waktu itu lokasi posisi sedang hujan. Gerimis ..parkir dapat agak jauh di pinggir jalan depan ind*mar*t. Nggak masalah sama anak anak terjang terus. Ehh..ternyata di dalam banyak permainan yang nggak beroperasi karena hujan. Trs cari permainan yang indoor ..waduh antrinya banyak banget. Sekitar 30 mnt di dalam hujan mulai reda. Sebagian permainan ada yg jalan lagi. Komedi putar , naik mobil mobilan. Sayang gokart nya tdk beroperasi. Akhirnya kita jalan keluar menuju tempat foodcourt..untungnya ada atraksi band musik dan permainan sinar laser. Anak2 senang di sini sambil menikmati kentang goreng dan ronde.;negatif
waduh kalo malam2 kesini berr dinginnya minta amun, tapi seruu dong banyak wahana bermain disini dan keindahan kota terlihat juga ketika bermain disni, mantapp !!!;positif
Tempat ini luar biasa. saya seperti sedang tidak berada di Indonesia, dimana suasanya sangat dingin dan sejuk dan ada wahana permainan dengan keindahan lampu warna warni. kemudian kami disuguhkan penampilan musik dr panggung besar dan di langit-langit terdapat layar raksasa.;positif
"kayak dufan gitu sih, banyak arena permainannya persis kayak dufan. tambahannya ada taman lampion. tapi bukanya cuma malem aja, namanya juga batu ""night"". tiketnya juga murah. ga nympe setengahnya dufan. tapi emang sih wahananya ga sebanyak dufan.
semoga bermanfaat";positif
Tempatnya bagus, masuknya murah tp sayang kalau mau main harus  bayar tiket lagi, buka sore sampai malam;positif
ini salah satu tempat favorit kami juga waktu berlibur ke batu. lampion warna warni yang bagus dan beberapa wahana permainan. namun ada satu hal yang menurut saya kurang yaitu beberapa spot ada yang sudah rusak dan tidak terawat. favorit saya disini adalah rumah hantu nya. cukup spooky dan mengagetkan tapi sangat fun untuk keluarga;positif
Yang ke sini jangan lupa foto di iconic appan nama depannya ya. Bagusnya sih kalau sudah gelap. Jadi cahayanya kontras. Tempat main mengingatkanku pada wahana mainan rakyat dan pasar malam saat aku kecil.;positif
Cukup Bagus... tapi kurang banyak permainan yang menantang adrenalin, lebih cocok untuk taman keluarga menurut saya;negatif
"Tempatnya bagus dan unik.
Lampu lampu nya yang banyak dan unik karena membentuk bentuk yang bagus dan unik..
Disini juga ad tempat bermain nya,jadi bukan cuma disuguhin lampu-lampu yang semarak..";positif
Batu night spectacular (BNS) rata-rata wahananya dibuat untuk anak-anak hingga remaja, jadi untuk permainan ekstrim seperti roller coaster atau sejenisnya tidak akan ditemukan disini. Menurut saya wahana disini cukup sedikit, karena lahannya pun tidak cukup luas. Hanya 30 menit mengitari seluruh tempat pun sudah merasa puas. ;negatif
tempat yang asik untuk malam hari. suasana sangat meriah karena warna warni lampu, juga banyak pilihan permainan. sayangnya harus parkir jauh karena banyak pengunjung, terutama malam minggu, tempat parkir full. puas berkeliling, menuju pintu keluar kita melewati pasar cenderamata, silahkan belanja sesukanya karena harga cukup terjangkau;negatif
"Pada umumnya tidak berbeda dengan pasar malam atau pekan raya, yang menjadi
nilai tambah adalah food court yang besar dan luas dengan stage luas.
Hanya untuk penataan kios-kiosnya tidak begitu rapi, untuk kebersihan area food court juga kurang terjaga baik, tapi secara umum BNS bagus dan bisa menjadi alternatif wisata di Batu";negatif
"Mampir kesini sebelum istirahat di penginapan, tiket masuk murah tapi di setiap wahana kita harus bayar lagi tiket masuk rata2 15rb/org.
Lampion nya bagus, foto 3D nya juga bagus meski koleksinya baru sedikit, ngga sempet coba wahana permainan karena rame.
Suasana bagus di malam hari.
";positif
Saya datang saat malam hari ke BNS dan ada beberapa wahana bermain di sini yang saya coba, harga tiket masuk murah dan terjangkau. semarak dengan lampu2 di malam hari;positif
Waktu paling pas untuk mengunjungi BNS dari jam 5 sore sampai malam hari. Karena bisa melihat gemerlap lampu disana. Sangat menyenangkan karena anak anak bisa bermain dan mencoba semua permainan di sana. Untuk setiap permainan tetap harus membayar   tiket lagi. ;positif
Datang ke tempat ini karena ingin mengeksplorasi Batu saat malam. Dari jauh tempat ini mencolok karena warna warni lampion. Kami memberi tiga tiket terusan untuk dua anak saya dan ayahnya. sementara Ibu saya dan saya membeli tiket masuk saja karena kami cuma menemani. Anak-anak saya mencoba semua permainan kecuali tower drp yang menurut mereka terlalu tinggi.;positif
Wahana yg tersedia bervariasi dari usia anak2 sampai dewasa, semakin malam semakin ramai suasananya. Pada hari-hari tertentu ada pementasan air mancur dan menonton film di layar terlebar. Favorit saya adalah wahana gambar 3d dan taman lampu,rekomend buat dapat foto bagus. ;positif
Tempat jujukan ketika malam hari di kota Batu. Tempatnya tidak begitu besar tapi wahana permainan cukup banyak bagi anak-anak hingga dewasa. Tidak leluasa berkeliling karena sempitnya area sehingga jarak antara satu permainan dengan yang lainnya terlalu berdekatan, Saat ramai pengunjung, semakin gerah karena sesak sekali. Atraksi dancing foutainnya juga monoton dari tahun ke tahun. Tidak ada penambahan atau kenaikan mutu gerakan airnya. ;positif
Wisata ini cocok untuk yg senang pada wahana permainan dan pemacu adrenalin. Lampu2 di malam hari membuat BNS lebih baguus. Tapi secara pribadi saya kurang bisa menikmati BNS..suasana terlalu crowded Dan sya kurang suka permainan.;positif
Tempat ini buka pd sore hari hingga malam hari,tiket masuk dan wahana permainan dibayar terpisah.apabila menggunakan tiket terusan dr Jatim park masuk bs gratis.tp tiap naik wahana hrs bayar lg.;positif
Banyak permainan pemacu adrenalin di BNS, sangat menarik bagi adrenalin addict. Juga ada lampion garden yang sangat menarik bagi penggemar fotografi dan sepeda udara bagi yang ingin bersantai sambil menikmati pemandangan BNS dari atas. Ada juga permainan bagi pengunjung yang datang bersama rombongan seperti laser mission dan battle area. Juga ada bioskop 4 dimensi. Total ada 20 wahana lebih di BNS. Hanya kekurangannya tiket terusan tidak mencakup semua wahana, masih ada wahana/permainan yang harus membayar walaupun punya tiket terusan.;positif
"Saya penuh harapan bakal banyak yg bagus disini, tp habya gokart dan foto illusion nya saja yg keren.. gokart saya main 4x seru""..";positif
Keberadaannya sangat mencolok di kota Batu yang relatif sepi, apalagi malam hari. Lampu dan kemeriahannya menarik pengunjung untuk mencoba atraksi yang disuguhkan. Sebetulnya area taman ini tidak terlalu luas, malah terasa sempit untuk sejumlah atraksi disana. Tidak heran kalau pengunjung agak berdesakan setiap malam. Sepeda udara dan taman lampion mungkin unggulan atraksi disana, kalau yang lainnya sepertinya sering ada di tempat lain. ;positif
"BNS ini terletak di dalam 1 objek wisata yang seperti pasar malam. Banyak arena permainan. Harga tiket masuknya IDR 35.000. Dan rupanya itu hanya masuk arena permainan, belum termasuk yang BNS nya. Loket BNS ada di dalamnya arena ini. Biayanya IDR 15.000. Baru buka loket jam 6 atau lebih. Kalau mau foto2 dengan lampion tanpa banyak orang disarankan datang saat loket baru buka. Tapi kekurangannya adalah lampionnya belum terlihat sekali karena langit masih terang. Sekitar jam 7 baru agak gelap dan lampion baru terlihat lebih cantik tapi pastinya foto mengantri dan dipenuhi background orang2 yang juga sedang asik foto.
Saya kira BNS ini cukup luas dan banyak menampilkan lampion2, tapi ternyata tidak. Areanya tidak besar, dan maksimal itu 1 jam atau bahkan kurang untuk meng-eksplor area ini.";negatif
ini adalah karnaval yg sangat disukai anak anak.. d dalamnya kita bisa bermain aneka permainan, melihat pameran lampion, dan gokart.;positif
Belum lengkap sepertinya jika ke Batu tanpa mengunjungi BNS di malam hari, menikmati Lampion Garden dan beberapa permainan disini.;positif
